date,dow,range_high,range_low,range_usd,price_ref,range_pct,close_pos,range_ticks,range_dir,prev_range_pct,med5_range_pct,med20_range_pct,broke,break_min,break_dir,same_half,traded_by_ea,R,exit_kind,spread_pts
2024-01-02,Tue,2064.94,2063.39,1.55,2064.12,0.0751,0.471,499,0.41,,,,1,21,down,1,1,-0.537,sl 2063.72,12.0
2024-01-03,Wed,2060.96,2059.21,1.75,2060.93,0.0849,0.9829,458,1.32,0.0751,,,1,23,up,1,1,-1.036,sl 2060.09,9.0
2024-01-04,Thu,2043.14,2042.17,0.97,2042.75,0.0475,0.5979,580,-0.21,0.0849,,,0,,,,0,,,
2024-01-05,Fri,2044.25,2043.28,0.97,2043.88,0.0475,0.6186,527,-0.35,0.0475,,,1,19,up,1,1,,,
2024-01-08,Mon,2045.17,2043.73,1.44,2044.99,0.0704,0.875,422,0.76,0.0475,,,1,15,up,1,1,-0.521,sl 2045.01,11.0
2024-01-09,Tue,2033.23,2030.66,2.57,2032.97,0.1264,0.8988,669,2.27,0.0704,0.0704,,1,18,up,1,1,-0.526,sl 2032.79,8.0
2024-01-10,Wed,2031.11,2030.38,0.73,2030.71,0.0359,0.4521,590,0.04,0.1264,0.0704,,1,24,down,1,1,,,
2024-01-11,Thu,2027.6,2026.44,1.16,2027.28,0.0572,0.7241,548,0.52,0.0359,0.0475,,1,15,up,1,1,-1.056,sl 2027.02,20.0
2024-01-12,Fri,2035.31,2031.99,3.32,2032.09,0.1634,0.0301,766,-3.12,0.0572,0.0572,,1,15,down,1,1,,,
2024-01-15,Mon,2047.78,2045.76,2.02,2046.99,0.0987,0.6089,841,-0.75,0.1634,0.0704,,1,24,up,1,1,1.977,tp 2050.46,9.0
2024-01-16,Tue,2054.47,2053.65,0.82,2053.73,0.0399,0.0976,713,-0.31,0.0987,0.0987,,1,25,down,1,1,1.982,tp 2050.94,17.0
2024-01-17,Wed,2028.14,2025.77,2.37,2026.03,0.117,0.1097,813,-2.05,0.0399,0.0572,,1,16,down,1,1,-1.022,sl 2026.96,11.0
2024-01-18,Thu,2009.61,2008.29,1.32,2008.66,0.0657,0.2803,685,-0.87,0.117,0.0987,,0,,,,0,,,
2024-01-19,Fri,2023.81,2022.6,1.21,2023.09,0.0598,0.405,716,-0.69,0.0657,0.0987,,1,20,up,0,0,,,
2024-01-22,Mon,2028.5,2026.61,1.89,2026.7,0.0933,0.0476,538,-0.92,0.0598,0.0657,,1,20,down,1,1,-0.551,sl 2027.09,11.0
2024-01-23,Tue,2022.12,2020.66,1.46,2021.96,0.0722,0.8904,609,1.3,0.0933,0.0657,,0,,,,0,,,
2024-01-24,Wed,2029.32,2028.31,1.01,2028.31,0.0498,0.0,444,-1.0,0.0722,0.0722,,1,15,down,1,1,-0.549,sl 2028.28,9.0
2024-01-25,Thu,2016.67,2015.17,1.5,2015.66,0.0744,0.3267,555,-0.72,0.0498,0.0657,,0,,,,0,,,
2024-01-26,Fri,2020.84,2020.01,0.83,2020.15,0.0411,0.1687,442,-0.44,0.0744,0.0722,,1,18,down,1,1,,,
2024-01-29,Mon,2021.86,2020.5,1.36,2020.85,0.0673,0.2574,663,-0.98,0.0411,0.0722,,1,16,up,0,0,-1.05,sl 2021.18,13.0
2024-01-30,Tue,2031.79,2030.87,0.92,2031.43,0.0453,0.6087,417,0.34,0.0673,0.0673,0.0689,1,17,up,1,1,-0.555,sl 2031.82,7.0
2024-01-31,Wed,2038.01,2036.4,1.61,2037.86,0.079,0.9068,511,1.46,0.0453,0.0498,0.0665,1,17,up,1,1,-0.549,sl 2037.66,8.0
2024-02-01,Thu,2040.33,2039.19,1.14,2039.84,0.0559,0.5702,500,-0.17,0.079,0.0673,0.0665,1,21,up,1,1,1.968,tp 2042.43,16.0
2024-02-02,Fri,2055.9,2054.63,1.27,2055.6,0.0618,0.7638,456,0.79,0.0559,0.0559,0.0665,1,29,up,1,1,,,
2024-02-05,Mon,2039.79,2036.33,3.46,2037.59,0.1698,0.3642,1532,-1.62,0.0618,0.0618,0.0665,1,18,down,1,1,-0.522,sl 2037.17,20.0
2024-02-06,Tue,2025.59,2025.04,0.55,2025.29,0.0272,0.4545,377,0.19,0.1698,0.0618,0.0665,1,16,up,0,0,1.98,tp 2028.08,13.0
2024-02-07,Wed,2035.77,2034.97,0.8,2035.07,0.0393,0.125,356,-0.21,0.0272,0.0618,0.0637,0,,,,0,,,
2024-02-08,Thu,2037.29,2036.29,1.0,2036.82,0.0491,0.53,612,0.35,0.0393,0.0559,0.0637,1,20,up,1,1,-0.539,sl 2037.22,7.0
2024-02-09,Fri,2034.39,2033.61,0.78,2033.81,0.0384,0.2564,288,-0.4,0.0491,0.0491,0.0637,0,,,,0,,,
2024-02-12,Mon,2025.95,2025.18,0.77,2025.5,0.038,0.4156,317,0.08,0.0384,0.0393,0.0608,1,16,down,1,1,,,
2024-02-13,Tue,2019.28,2018.27,1.01,2018.9,0.05,0.6238,535,-0.03,0.038,0.0384,0.0578,0,,,,0,,,
2024-02-14,Wed,1991.47,1990.77,0.7,1991.26,0.0352,0.7,379,-0.21,0.05,0.0393,0.0578,1,15,up,1,1,-0.557,sl 1991.59,7.0
2024-02-15,Thu,1993.96,1993.42,0.54,1993.42,0.0271,0.0,423,-0.29,0.0352,0.0384,0.053,1,20,up,0,0,,,
2024-02-16,Fri,2003.66,2002.9,0.76,2003.04,0.0379,0.1842,298,-0.42,0.0271,0.038,0.0499,1,19,down,1,1,,,
2024-02-19,Mon,2016.51,2013.75,2.76,2016.51,0.1369,1.0,419,2.69,0.0379,0.0379,0.0494,1,17,up,1,1,1.995,tp 2020.44,29.0
2024-02-20,Tue,2016.46,2015.24,1.22,2015.29,0.0605,0.041,482,-0.91,0.1369,0.0379,0.0494,1,22,down,1,1,-1.06,sl 2015.85,12.0
2024-02-21,Wed,2024.3,2022.92,1.38,2023.13,0.0682,0.1522,557,-1.17,0.0605,0.0379,0.0494,0,,,,0,,,
2024-02-22,Thu,2025.69,2025.01,0.68,2025.49,0.0336,0.7059,353,-0.15,0.0682,0.0605,0.0496,1,19,up,1,1,,,
2024-02-23,Fri,2025.33,2024.34,0.99,2025.18,0.0489,0.8485,259,0.45,0.0336,0.0605,0.0472,1,16,up,1,1,,,
2024-02-26,Mon,2033.98,2032.66,1.32,2033.32,0.0649,0.5,631,-0.64,0.0489,0.0605,0.049,1,22,down,1,1,-0.534,sl 2032.69,18.0
2024-02-27,Tue,2032.5,2031.27,1.23,2031.88,0.0605,0.4959,557,0.59,0.0649,0.0605,0.049,0,,,,0,,,
2024-02-28,Wed,2030.13,2029.12,1.01,2029.63,0.0498,0.505,347,-0.39,0.0605,0.0605,0.0496,1,22,up,1,1,-0.524,sl 2030.12,12.0
2024-02-29,Thu,2035.5,2034.56,0.94,2035.22,0.0462,0.7021,356,0.52,0.0498,0.0498,0.0494,0,,,,0,,,
2024-03-01,Fri,2044.31,2042.82,1.49,2043.78,0.0729,0.6443,658,-0.48,0.0462,0.0498,0.049,0,,,,0,,,
2024-03-04,Mon,2083.67,2082.23,1.44,2082.58,0.0691,0.2431,725,-0.94,0.0729,0.0605,0.049,1,22,up,0,0,-1.025,sl 2082.95,20.0
2024-03-05,Tue,2115.82,2114.28,1.54,2115.05,0.0728,0.5,571,0.47,0.0691,0.0605,0.049,1,25,down,0,0,-1.058,sl 2115.05,13.0
2024-03-06,Wed,2128.11,2126.37,1.74,2127.19,0.0818,0.4713,726,-0.85,0.0728,0.0691,0.0494,0,,,,0,,,
2024-03-07,Thu,2149.64,2147.33,2.31,2148.44,0.1075,0.4805,1044,1.1,0.0818,0.0728,0.0499,0,,,,0,,,
2024-03-08,Fri,2162.19,2160.13,2.06,2161.3,0.0953,0.568,1062,-0.61,0.1075,0.0729,0.0553,0,,,,0,,,
2024-03-11,Mon,2181.67,2179.39,2.28,2180.6,0.1046,0.5307,977,-1.0,0.0953,0.0818,0.0605,1,16,up,1,1,1.978,tp 2184.61,13.0
2024-03-12,Tue,2184.49,2183.28,1.21,2183.61,0.0554,0.2727,852,-0.05,0.1046,0.0953,0.0627,1,25,down,1,1,1.983,tp 2180.17,19.0
2024-03-13,Wed,2159.54,2156.63,2.91,2159.14,0.1348,0.8625,806,2.14,0.0554,0.0953,0.0627,0,,,,0,,,
2024-03-14,Thu,2175.87,2174.2,1.67,2174.41,0.0768,0.1257,585,-1.02,0.1348,0.1046,0.0666,1,16,down,1,1,,,
2024-03-15,Fri,2162.0,2160.55,1.45,2161.03,0.0671,0.331,625,-0.57,0.0768,0.0953,0.0687,0,,,,0,,,
2024-03-18,Mon,2156.71,2154.97,1.74,2155.23,0.0807,0.1494,862,-1.3,0.0671,0.0768,0.0687,0,,,,0,,,
2024-03-19,Tue,2162.82,2161.49,1.33,2162.08,0.0615,0.4436,673,0.0,0.0807,0.0768,0.0687,0,,,,0,,,
2024-03-20,Wed,2157.21,2156.34,0.87,2156.34,0.0403,0.0,519,-0.73,0.0615,0.0768,0.0687,1,16,down,1,1,-0.576,sl 2156.32,12.0
2024-03-21,Thu,2203.96,2200.37,3.59,2203.13,0.1629,0.7688,1608,-0.81,0.0403,0.0671,0.0681,1,25,down,0,0,1.985,tp 2196.11,21.0
2024-03-22,Fri,2182.72,2181.01,1.71,2182.58,0.0783,0.9181,559,0.84,0.1629,0.0671,0.071,1,15,up,1,1,,,
2024-03-25,Mon,2169.4,2167.0,2.4,2167.57,0.1107,0.2375,808,-0.83,0.0783,0.0783,0.0729,1,15,down,1,1,2.016,tp 2164.48,13.0
2024-03-26,Tue,2173.36,2172.39,0.97,2172.75,0.0446,0.3711,713,-0.16,0.1107,0.0783,0.0749,0,,,,0,,,
2024-03-27,Wed,2180.21,2178.61,1.6,2178.69,0.0734,0.05,455,-0.75,0.0446,0.0783,0.0749,1,15,down,1,1,-0.543,sl 2178.94,12.0
2024-03-28,Thu,2190.9,2187.35,3.55,2187.88,0.1623,0.1493,1117,-2.84,0.0734,0.0783,0.0751,0,,,,0,,,
2024-04-01,Mon,2250.47,2243.86,6.61,2247.38,0.2941,0.5325,1875,1.21,0.1623,0.0783,0.0776,0,,,,0,,,
2024-04-02,Tue,2250.65,2247.83,2.82,2248.92,0.1254,0.3865,1188,-0.03,0.2941,0.1107,0.0795,1,21,up,0,0,-0.549,sl 2250.08,19.0
2024-04-03,Wed,2285.51,2279.29,6.22,2285.04,0.2722,0.9244,1411,5.4,0.1254,0.1254,0.0813,0,,,,0,,,
2024-04-04,Thu,2300.15,2297.3,2.85,2298.1,0.124,0.2807,1288,0.54,0.2722,0.1623,0.0886,1,20,up,0,0,-1.037,sl 2298.73,21.0
2024-04-05,Fri,2290.3,2287.78,2.52,2288.03,0.1101,0.0992,1088,-0.86,0.124,0.1623,0.0999,1,20,down,1,1,,,
2024-04-08,Mon,2311.97,2308.23,3.74,2308.23,0.162,0.0,1873,-3.05,0.1101,0.1254,0.0999,1,15,down,1,1,-0.515,sl 2308.68,19.0
2024-04-09,Tue,2341.7,2338.61,3.09,2341.44,0.132,0.9159,1050,2.68,0.162,0.1254,0.1073,0,,,,0,,,
2024-04-10,Wed,2355.57,2353.29,2.28,2353.7,0.0969,0.1798,712,-1.02,0.132,0.132,0.1104,1,16,down,1,1,1.99,tp 2350.71,12.0
2024-04-11,Thu,2335.68,2333.3,2.38,2334.85,0.1019,0.6513,1323,-0.65,0.0969,0.124,0.1104,0,,,,0,,,
2024-04-12,Fri,2377.02,2375.3,1.72,2376.71,0.0724,0.8198,910,-0.31,0.1019,0.1101,0.106,1,16,down,0,0,,,
2024-04-15,Mon,2365.89,2360.14,5.75,2363.4,0.2433,0.567,2640,-1.29,0.0724,0.1019,0.106,0,,,,0,,,
2024-04-16,Tue,2381.89,2380.16,1.73,2381.26,0.0727,0.6358,1446,-0.63,0.2433,0.1019,0.1104,1,17,up,1,1,1.983,tp 2385.08,19.0
2024-04-17,Wed,2383.36,2381.07,2.29,2381.59,0.0962,0.2271,1264,-1.09,0.0727,0.0969,0.1104,1,19,up,0,0,-0.541,sl 2383.00,19.0
2024-04-18,Thu,2369.81,2366.94,2.87,2367.24,0.1212,0.1045,1321,-0.65,0.0962,0.0962,0.1104,0,,,,0,,,
2024-04-19,Fri,2379.84,2375.65,4.19,2375.76,0.1764,0.0263,1265,-4.08,0.1212,0.0962,0.116,1,16,down,1,1,,,
2024-04-22,Mon,2386.51,2382.71,3.8,2383.33,0.1594,0.1632,1671,-3.18,0.1764,0.1212,0.116,0,,,,0,,,
2024-04-23,Tue,2333.78,2331.9,1.88,2331.95,0.0806,0.0266,1053,-1.79,0.1594,0.1212,0.1226,1,15,down,1,1,-1.088,sl 2332.84,22.0
2024-04-24,Wed,2323.49,2321.7,1.79,2322.4,0.0771,0.3911,871,-0.85,0.0806,0.1212,0.1226,0,,,,0,,,
2024-04-25,Thu,2317.69,2315.46,2.23,2316.96,0.0962,0.6726,677,0.72,0.0771,0.1212,0.1226,1,17,up,1,1,-1.02,sl 2316.58,17.0
2024-04-26,Fri,2331.44,2330.17,1.27,2330.86,0.0545,0.5433,601,0.23,0.0962,0.0962,0.1226,1,15,down,0,0,,,
2024-04-29,Mon,2336.23,2334.57,1.66,2335.63,0.0711,0.6386,825,-0.24,0.0545,0.0806,0.1157,1,29,down,0,0,1.99,tp 2331.68,22.0
2024-04-30,Tue,2333.93,2331.69,2.24,2333.48,0.096,0.7991,1140,0.32,0.0711,0.0771,0.106,0,,,,0,,,
2024-05-01,Wed,2292.86,2291.09,1.77,2292.32,0.0772,0.6949,897,1.04,0.096,0.0771,0.0994,1,19,down,0,0,1.978,tp 2288.98,17.0
2024-05-02,Thu,2325.51,2323.58,1.93,2324.3,0.083,0.3731,1233,0.58,0.0772,0.0772,0.0966,1,25,down,1,1,-1.032,sl 2324.55,21.0
2024-05-03,Fri,2304.82,2302.63,2.19,2302.84,0.0951,0.0959,1071,-1.41,0.083,0.0772,0.0962,1,20,down,1,1,,,
2024-05-06,Mon,2295.3,2293.28,2.02,2294.11,0.0881,0.4109,1194,0.27,0.0951,0.083,0.0961,1,15,down,1,1,-1.024,sl 2294.29,22.0
2024-05-07,Tue,2327.04,2325.53,1.51,2326.64,0.0649,0.7351,1120,0.64,0.0881,0.0881,0.0955,1,16,up,1,1,-1.041,sl 2326.29,14.0
2024-05-08,Wed,2316.26,2314.82,1.44,2315.54,0.0622,0.5,876,0.35,0.0649,0.083,0.0916,1,22,down,1,1,-1.047,sl 2315.54,22.0
2024-05-09,Thu,2309.18,2307.92,1.26,2308.05,0.0546,0.1032,1068,-0.73,0.0622,0.083,0.0855,1,25,down,1,1,,,
2024-05-10,Fri,2347.18,2345.97,1.21,2346.82,0.0516,0.7025,731,0.28,0.0546,0.0649,0.0818,1,16,up,1,1,,,
2024-05-13,Mon,2361.88,2359.82,2.06,2361.76,0.0872,0.9417,774,1.35,0.0516,0.0622,0.0818,1,15,up,1,1,-0.517,sl 2361.70,15.0
2024-05-14,Tue,2339.03,2337.73,1.3,2338.92,0.0556,0.9154,607,0.52,0.0872,0.0622,0.0818,1,15,up,1,1,-1.04,sl 2338.38,15.0
2024-05-15,Wed,2356.6,2355.49,1.11,2355.74,0.0471,0.2252,1068,-0.06,0.0556,0.0556,0.0818,0,,,,0,,,
2024-05-16,Thu,2392.98,2390.27,2.71,2392.57,0.1133,0.8487,1610,0.71,0.0471,0.0546,0.0789,1,20,up,1,1,-0.517,sl 2392.74,20.0
2024-05-17,Fri,2379.6,2377.98,1.62,2378.91,0.0681,0.5741,1002,0.93,0.1133,0.0556,0.0789,0,,,,0,,,
2024-05-20,Mon,2420.34,2416.48,3.86,2416.81,0.1597,0.0855,1757,-3.45,0.0681,0.0681,0.0771,1,28,up,0,0,1.986,tp 2425.73,21.0
2024-05-21,Tue,2427.08,2425.15,1.93,2426.2,0.0795,0.544,1077,-0.19,0.1597,0.0681,0.0771,1,16,up,1,1,-1.046,sl 2426.12,19.0
2024-05-22,Wed,2422.95,2421.54,1.41,2421.84,0.0582,0.2128,905,0.12,0.0795,0.0795,0.0771,0,,,,0,,,
2024-05-23,Thu,2383.65,2381.6,2.05,2383.05,0.086,0.7073,1105,0.77,0.0582,0.0795,0.0741,0,,,,0,,,
2024-05-24,Fri,2332.33,2330.65,1.68,2331.33,0.0721,0.4048,715,-0.67,0.086,0.0795,0.0741,1,17,down,1,1,,,
2024-05-27,Mon,2337.36,2335.53,1.83,2336.38,0.0783,0.4645,730,-0.83,0.0721,0.0795,0.0746,0,,,,0,,,
2024-05-28,Tue,2353.11,2351.68,1.43,2352.65,0.0608,0.6783,865,0.19,0.0783,0.0783,0.0778,1,21,up,1,1,-1.041,sl 2352.40,20.0
2024-05-29,Wed,2361.04,2359.47,1.57,2360.36,0.0665,0.5669,925,0.64,0.0608,0.0721,0.0746,1,24,down,0,0,-0.524,sl 2359.57,17.0
2024-05-30,Thu,2338.38,2335.98,2.4,2336.62,0.1027,0.2667,1470,-1.76,0.0665,0.0721,0.0701,1,25,down,1,1,-1.028,sl 2337.18,21.0
2024-05-31,Fri,2344.12,2343.07,1.05,2343.24,0.0448,0.1619,1179,-0.75,0.1027,0.0721,0.0701,1,24,down,1,1,,,
2024-06-03,Mon,2326.27,2324.23,2.04,2325.42,0.0877,0.5833,1249,-0.52,0.0448,0.0665,0.0673,0,,,,0,,,
2024-06-04,Tue,2351.35,2350.25,1.1,2350.95,0.0468,0.6364,844,0.38,0.0877,0.0665,0.0673,1,20,up,1,1,-1.049,sl 2350.80,18.0
2024-06-05,Wed,2329.09,2328.02,1.07,2328.24,0.046,0.2056,1027,-0.55,0.0468,0.0665,0.0673,1,15,down,1,1,,,
2024-06-06,Thu,2355.66,2354.54,1.12,2355.06,0.0476,0.4643,916,0.01,0.046,0.0468,0.0673,1,23,up,0,0,,,
2024-06-07,Fri,2377.47,2376.06,1.41,2377.26,0.0593,0.8511,722,0.37,0.0476,0.0468,0.0673,1,17,up,1,1,,,
2024-06-10,Mon,2299.74,2296.11,3.63,2296.46,0.1581,0.0964,1469,-2.04,0.0593,0.0476,0.0673,1,16,down,1,1,-0.515,sl 2296.66,21.0
2024-06-11,Tue,2310.2,2309.05,1.15,2309.41,0.0498,0.313,986,-0.5,0.1581,0.0476,0.0673,0,,,,0,,,
2024-06-12,Wed,2315.59,2314.81,0.78,2314.89,0.0337,0.1026,793,-0.24,0.0498,0.0498,0.0673,1,25,down,1,1,,,
2024-06-13,Thu,2320.7,2317.52,3.18,2318.52,0.1372,0.3145,822,-1.99,0.0337,0.0498,0.0673,1,25,up,0,0,-0.528,sl 2320.06,25.0
2024-06-14,Fri,2303.67,2301.46,2.21,2301.54,0.096,0.0362,790,-0.75,0.1372,0.0593,0.0673,0,,,,0,,,
2024-06-17,Mon,2328.89,2325.47,3.42,2326.57,0.147,0.3216,880,-2.32,0.096,0.096,0.0693,1,16,down,1,1,-1.018,sl 2327.18,29.0
2024-06-18,Tue,2323.17,2320.7,2.47,2321.13,0.1064,0.1741,711,0.43,0.147,0.096,0.0693,0,,,,0,,,
2024-06-19,Wed,2329.65,2328.26,1.39,2329.41,0.0597,0.8273,513,1.12,0.1064,0.1064,0.0693,1,15,up,1,1,-1.045,sl 2328.96,20.0
2024-06-20,Thu,2329.38,2328.76,0.62,2329.19,0.0266,0.6935,424,-0.16,0.0597,0.1064,0.0693,1,16,down,0,0,-1.033,sl 2329.07,22.0
2024-06-21,Fri,2362.61,2360.81,1.8,2362.21,0.0762,0.7778,504,1.37,0.0266,0.096,0.0636,1,23,up,1,1,,,
2024-06-24,Mon,2320.89,2318.77,2.12,2319.03,0.0914,0.1226,821,-0.13,0.0762,0.0762,0.0636,1,26,down,1,1,-1.045,sl 2319.83,18.0
2024-06-25,Tue,2330.89,2329.46,1.43,2329.46,0.0614,0.0,670,-1.37,0.0914,0.0762,0.0636,1,15,down,1,1,-1.045,sl 2330.18,23.0
2024-06-26,Wed,2321.62,2318.73,2.89,2321.61,0.1245,0.9965,680,1.64,0.0614,0.0614,0.064,0,,,,0,,,
2024-06-27,Thu,2299.72,2298.09,1.63,2299.69,0.0709,0.9816,861,1.31,0.1245,0.0762,0.0688,1,23,up,1,1,-1.07,sl 2298.91,24.0
2024-06-28,Fri,2328.2,2326.36,1.84,2326.55,0.0791,0.1033,939,-1.14,0.0709,0.0762,0.0661,1,15,down,1,1,,,
2024-07-01,Mon,2324.9,2322.33,2.57,2322.5,0.1107,0.0661,1207,-2.4,0.0791,0.0791,0.0735,0,,,,0,,,
2024-07-02,Tue,2333.86,2332.11,1.75,2333.42,0.075,0.7486,844,1.18,0.1107,0.0791,0.0735,0,,,,0,,,
2024-07-03,Wed,2331.75,2330.25,1.5,2331.48,0.0643,0.82,802,1.22,0.075,0.0791,0.0756,1,23,up,1,1,-1.034,sl 2331.00,23.0
2024-07-04,Thu,2358.84,2356.44,2.4,2356.87,0.1018,0.1792,757,-1.91,0.0643,0.075,0.0756,0,,,,0,,,
2024-07-05,Fri,2357.47,2355.99,1.48,2357.05,0.0628,0.7162,627,0.35,0.1018,0.0791,0.0776,0,,,,0,,,
2024-07-08,Mon,2386.1,2384.5,1.6,2385.66,0.0671,0.725,1261,-0.37,0.0628,0.075,0.0776,1,15,up,1,1,-0.536,sl 2385.84,18.0
2024-07-09,Tue,2363.48,2361.37,2.11,2363.33,0.0893,0.9289,1012,1.6,0.0671,0.0671,0.0756,0,,,,0,,,
2024-07-10,Wed,2366.44,2364.81,1.63,2365.16,0.0689,0.2147,839,0.23,0.0893,0.0671,0.0776,0,,,,0,,,
2024-07-11,Thu,2372.91,2371.83,1.08,2372.02,0.0455,0.1759,763,-0.79,0.0689,0.0689,0.0776,1,15,down,1,1,,,
2024-07-12,Fri,2416.23,2411.23,5.0,2411.23,0.2074,0.0,2023,-4.69,0.0455,0.0671,0.0756,0,,,,0,,,
2024-07-15,Mon,2408.79,2406.96,1.83,2407.49,0.076,0.2896,1160,-1.16,0.2074,0.0689,0.0756,1,26,down,1,1,-1.028,sl 2407.88,24.0
2024-07-16,Tue,2422.57,2420.46,2.11,2422.24,0.0871,0.8436,922,-0.28,0.076,0.076,0.0755,0,,,,0,,,
2024-07-17,Wed,2468.35,2466.31,2.04,2466.71,0.0827,0.1961,1459,-1.53,0.0871,0.076,0.0755,0,,,,0,,,
2024-07-18,Thu,2461.46,2457.85,3.61,2458.42,0.1468,0.1579,1226,-2.92,0.0827,0.0827,0.0761,0,,,,0,,,
2024-07-19,Fri,2441.31,2429.53,11.78,2431.05,0.4846,0.129,2853,-10.19,0.1468,0.0871,0.0776,1,16,down,1,1,,,
2024-07-22,Mon,2411.61,2408.48,3.13,2409.33,0.1299,0.2716,1608,-2.17,0.4846,0.0871,0.0809,1,16,down,1,1,-0.523,sl 2409.09,24.0
2024-07-23,Tue,2397.52,2395.5,2.02,2396.15,0.0843,0.3218,1032,0.44,0.1299,0.1299,0.0809,0,,,,0,,,
2024-07-24,Wed,2410.1,2408.44,1.66,2409.96,0.0689,0.9157,842,1.47,0.0843,0.1299,0.0835,0,,,,0,,,
2024-07-25,Thu,2398.94,2396.01,2.93,2397.28,0.1222,0.4334,1700,-1.38,0.0689,0.1299,0.0809,0,,,,0,,,
2024-07-26,Fri,2365.27,2363.78,1.49,2363.97,0.063,0.1275,1333,0.19,0.1222,0.1222,0.0835,1,26,down,1,1,,,
2024-07-29,Mon,2399.12,2397.04,2.08,2399.05,0.0867,0.9663,1650,1.87,0.063,0.0843,0.0835,0,,,,0,,,
2024-07-30,Tue,2383.14,2380.85,2.29,2381.16,0.0962,0.1354,1057,0.03,0.0867,0.0843,0.0835,1,16,down,1,1,-1.026,sl 2382.00,21.0
2024-07-31,Wed,2410.03,2407.88,2.15,2408.68,0.0893,0.3721,1264,-1.15,0.0962,0.0867,0.0855,0,,,,0,,,
2024-08-01,Thu,2446.82,2445.37,1.45,2445.71,0.0593,0.2345,2006,-0.01,0.0893,0.0893,0.0869,1,24,down,1,1,,,
2024-08-02,Fri,2446.34,2443.86,2.48,2445.44,0.1014,0.6371,1602,-0.33,0.0593,0.0867,0.0855,1,15,up,1,1,,,
2024-08-05,Mon,2441.02,2430.25,10.77,2435.43,0.4422,0.481,2908,-5.58,0.1014,0.0893,0.0869,1,16,down,1,1,-0.507,sl 2430.82,24.0
2024-08-06,Tue,2409.84,2404.58,5.26,2409.53,0.2183,0.9411,2700,4.72,0.4422,0.0962,0.0882,1,19,up,1,1,1.999,tp 2416.63,18.0
2024-08-07,Wed,2385.39,2381.05,4.34,2382.62,0.1822,0.3618,2204,-1.21,0.2183,0.1014,0.0882,0,,,,0,,,
2024-08-08,Thu,2385.24,2383.24,2.0,2384.38,0.0839,0.57,2198,-0.43,0.1822,0.1822,0.0927,1,21,up,1,1,1.983,tp 2388.35,20.0
2024-08-09,Fri,2425.34,2423.14,2.2,2423.79,0.0908,0.2955,1327,-0.85,0.0839,0.1822,0.0927,0,,,,0,,,
2024-08-12,Mon,2428.77,2426.9,1.87,2428.55,0.077,0.8824,858,0.61,0.0908,0.1822,0.09,1,15,up,1,1,-1.058,sl 2427.84,18.0
2024-08-13,Tue,2476.87,2474.98,1.89,2476.22,0.0763,0.6561,1523,0.66,0.077,0.0908,0.09,1,21,down,0,0,1.972,tp 2472.24,22.0
2024-08-14,Wed,2466.34,2463.97,2.37,2466.34,0.0961,1.0,1429,2.22,0.0763,0.0839,0.09,0,,,,0,,,
2024-08-15,Thu,2450.5,2448.64,1.86,2449.5,0.0759,0.4624,1508,0.04,0.0961,0.0839,0.0934,1,22,down,1,1,-1.043,sl 2449.57,21.0
2024-08-16,Fri,2458.46,2457.19,1.27,2457.87,0.0517,0.5354,810,0.58,0.0759,0.077,0.09,1,16,up,1,1,,,
2024-08-19,Mon,2506.71,2505.09,1.62,2506.45,0.0646,0.8395,1417,0.03,0.0517,0.0763,0.088,1,23,down,0,0,-0.527,sl 2504.98,21.0
2024-08-20,Tue,2504.74,2503.62,1.12,2504.03,0.0447,0.3661,1290,0.41,0.0646,0.0759,0.0855,0,,,,0,,,
2024-08-21,Wed,2513.82,2512.54,1.28,2513.28,0.0509,0.5781,1298,0.39,0.0447,0.0646,0.0853,1,21,up,1,1,-0.523,sl 2513.85,18.0
2024-08-22,Thu,2513.52,2511.41,2.11,2511.54,0.084,0.0616,1243,-1.28,0.0509,0.0517,0.0853,1,16,down,1,1,-1.031,sl 2512.47,18.0
2024-08-23,Fri,2487.57,2486.48,1.09,2487.46,0.0438,0.8991,1065,-0.07,0.084,0.0517,0.0839,1,15,up,1,1,,,
2024-08-26,Mon,2516.11,2514.19,1.92,2514.73,0.0764,0.2812,1653,-1.18,0.0438,0.0509,0.0839,1,28,up,0,0,-1.029,sl 2515.15,18.0
2024-08-27,Tue,2516.09,2514.8,1.29,2514.85,0.0513,0.0388,1186,-0.61,0.0764,0.0509,0.0804,1,15,down,1,1,-1.031,sl 2515.45,21.0
2024-08-28,Wed,2525.59,2524.12,1.47,2524.61,0.0582,0.3333,1080,-0.68,0.0513,0.0513,0.0767,0,,,,0,,,
2024-08-29,Thu,2510.45,2507.92,2.53,2510.42,0.1008,0.9881,908,2.33,0.0582,0.0582,0.0763,1,15,up,1,1,0.71,,22.0
2024-08-30,Fri,2519.63,2518.1,1.53,2518.57,0.0607,0.3072,980,-1.01,0.1008,0.0582,0.0767,0,,,,0,,,
2024-09-02,Mon,2503.63,2502.46,1.17,2503.06,0.0467,0.5128,671,0.09,0.0607,0.0607,0.0763,0,,,,0,,,
2024-09-03,Tue,2497.66,2496.09,1.57,2497.17,0.0629,0.6879,1096,-0.03,0.0467,0.0582,0.0761,0,,,,0,,,
2024-09-04,Wed,2494.97,2492.76,2.21,2493.14,0.0886,0.1719,1222,-0.08,0.0629,0.0607,0.0703,0,,,,0,,,
2024-09-05,Thu,2496.54,2495.07,1.47,2495.76,0.0589,0.4694,763,-0.1,0.0886,0.0629,0.0703,0,,,,0,,,
2024-09-06,Fri,2517.64,2516.65,0.99,2516.9,0.0393,0.2525,866,-0.37,0.0589,0.0607,0.0638,1,19,down,1,1,,,
2024-09-09,Mon,2498.22,2496.78,1.44,2497.62,0.0577,0.5833,1755,0.77,0.0393,0.0589,0.0618,1,24,down,0,0,-1.031,sl 2497.50,23.0
2024-09-10,Tue,2507.43,2505.95,1.48,2506.34,0.0591,0.2635,1235,-0.38,0.0577,0.0589,0.0598,1,23,down,1,1,-0.532,sl 2506.15,23.0
2024-09-11,Wed,2518.85,2517.52,1.33,2518.17,0.0528,0.4887,1044,-0.35,0.0591,0.0589,0.059,1,19,down,1,1,,,
2024-09-12,Thu,2512.35,2511.49,0.86,2511.89,0.0342,0.4651,1054,0.0,0.0528,0.0577,0.0586,1,21,down,1,1,,,
2024-09-13,Fri,2559.07,2556.74,2.33,2558.43,0.0911,0.7253,1481,-0.01,0.0342,0.0528,0.0579,0,,,,0,,,
2024-09-16,Mon,2581.64,2578.84,2.8,2581.42,0.1085,0.9214,887,2.3,0.0911,0.0577,0.0586,1,27,up,1,1,-1.027,sl 2580.24,23.0
2024-09-17,Tue,2584.36,2582.71,1.65,2583.62,0.0639,0.5515,882,-0.06,0.1085,0.0591,0.0586,1,22,down,0,0,-1.028,sl 2583.54,19.0
2024-09-18,Wed,2574.78,2572.53,2.25,2572.93,0.0874,0.1778,1102,-1.06,0.0639,0.0639,0.059,1,15,down,1,1,-0.534,sl 2573.07,21.0
2024-09-19,Thu,2559.49,2557.24,2.25,2558.34,0.0879,0.4889,2378,-0.94,0.0874,0.0874,0.0599,1,27,down,1,1,-1.027,sl 2558.37,18.0
2024-09-20,Fri,2587.32,2586.1,1.22,2586.74,0.0472,0.5246,773,-0.48,0.0879,0.0879,0.0599,1,29,up,1,1,,,
2024-09-23,Mon,2620.18,2618.77,1.41,2619.07,0.0538,0.2128,985,-1.11,0.0472,0.0874,0.0599,0,,,,0,,,
2024-09-24,Tue,2626.35,2624.65,1.7,2626.18,0.0647,0.9,1239,-0.13,0.0538,0.0639,0.059,0,,,,0,,,
2024-09-25,Wed,2658.57,2656.61,1.96,2658.31,0.0737,0.8673,1404,0.17,0.0647,0.0647,0.0599,0,,,,0,,,
2024-09-26,Thu,2657.22,2655.37,1.85,2655.51,0.0697,0.0757,1327,-0.8,0.0737,0.0647,0.0618,1,26,up,0,0,1.979,tp 2660.14,18.0
2024-09-27,Fri,2672.67,2670.28,2.39,2670.57,0.0895,0.1213,1291,-2.06,0.0697,0.0647,0.0618,1,25,down,1,1,,,
2024-09-30,Mon,2665.95,2663.03,2.92,2664.4,0.1096,0.4692,2170,0.86,0.0895,0.0697,0.0634,1,26,down,1,1,-0.528,sl 2663.75,18.0
2024-10-01,Tue,2636.56,2635.33,1.23,2636.41,0.0467,0.878,857,0.73,0.1096,0.0737,0.0643,0,,,,0,,,
2024-10-02,Wed,2660.63,2658.06,2.57,2658.1,0.0967,0.0156,1650,-2.24,0.0467,0.0737,0.0643,0,,,,0,,,
2024-10-03,Thu,2662.83,2659.22,3.61,2659.31,0.1357,0.0249,1939,-0.93,0.0967,0.0895,0.0643,1,16,down,1,1,1.152,,19.0
2024-10-04,Fri,2657.08,2655.46,1.62,2656.74,0.061,0.7901,765,0.95,0.1357,0.0967,0.0672,0,,,,0,,,
2024-10-07,Mon,2650.5,2648.44,2.06,2649.56,0.0777,0.5437,1435,-0.63,0.061,0.0967,0.0672,1,29,up,1,1,-1.052,sl 2649.47,19.0
2024-10-08,Tue,2644.11,2642.72,1.39,2643.42,0.0526,0.5036,1660,0.41,0.0777,0.0777,0.0717,1,23,down,0,0,,,
2024-10-09,Wed,2623.19,2621.49,1.7,2622.6,0.0648,0.6529,1545,0.62,0.0526,0.0777,0.0717,0,,,,0,,,
2024-10-10,Thu,2608.74,2606.41,2.33,2606.8,0.0894,0.1674,1416,-1.65,0.0648,0.0648,0.0717,1,16,down,1,1,-1.022,sl 2607.58,23.0
2024-10-11,Fri,2634.3,2632.85,1.45,2633.36,0.0551,0.3517,1613,0.21,0.0894,0.0648,0.0757,1,20,down,1,1,,,
2024-10-14,Mon,2648.06,2645.09,2.97,2645.86,0.1123,0.2593,1516,-2.19,0.0551,0.0648,0.0717,0,,,,0,,,
2024-10-15,Tue,2650.1,2648.51,1.59,2648.53,0.06,0.0126,1136,-0.82,0.1123,0.0648,0.0717,1,16,down,1,1,-1.036,sl 2649.31,20.0
2024-10-16,Wed,2660.43,2658.73,1.7,2660.14,0.0639,0.8294,1211,-0.29,0.06,0.0648,0.0717,0,,,,0,,,
2024-10-17,Thu,2675.61,2674.02,1.59,2675.34,0.0594,0.8302,1081,1.29,0.0639,0.0639,0.0672,1,27,up,1,1,1.967,tp 2678.27,19.0
2024-10-18,Fri,2694.45,2693.18,1.27,2694.31,0.0471,0.8898,961,0.61,0.0594,0.06,0.0648,1,16,up,1,1,,,
2024-10-21,Mon,2724.41,2722.29,2.12,2722.57,0.0779,0.1321,1032,-0.87,0.0471,0.06,0.0648,1,21,down,1,1,-1.043,sl 2723.35,20.0
2024-10-22,Tue,2723.51,2720.63,2.88,2722.52,0.1058,0.6562,1489,1.09,0.0779,0.06,0.0672,1,24,up,1,1,1.986,tp 2727.92,23.0
2024-10-23,Wed,2747.01,2745.84,1.17,2746.38,0.0426,0.4615,914,-0.12,0.1058,0.0639,0.0717,1,28,down,1,1,-1.036,sl 2746.43,24.0
2024-10-24,Thu,2721.29,2717.83,3.46,2718.41,0.1273,0.1676,1823,-2.88,0.0426,0.0594,0.0672,0,,,,0,,,
2024-10-25,Fri,2734.84,2733.43,1.41,2734.06,0.0516,0.4468,822,0.25,0.1273,0.0779,0.0713,1,18,down,1,1,,,
2024-10-28,Mon,2736.26,2733.08,3.18,2733.69,0.1163,0.1918,1618,-2.04,0.0516,0.0779,0.0644,0,,,,0,,,
2024-10-29,Tue,2745.09,2743.82,1.27,2744.64,0.0463,0.6457,952,0.28,0.1163,0.1058,0.0644,1,21,down,0,0,,,
2024-10-30,Wed,2778.67,2774.8,3.87,2778.43,0.1393,0.938,1428,3.48,0.0463,0.0516,0.0644,0,,,,0,,,
2024-10-31,Thu,2786.7,2784.67,2.03,2786.67,0.0728,0.9852,1017,1.29,0.1393,0.1163,0.0644,1,15,up,1,1,-0.524,sl 2786.60,25.0
2024-11-01,Fri,2747.24,2745.75,1.49,2746.84,0.0542,0.7315,825,0.15,0.0728,0.0728,0.0644,0,,,,0,,,
2024-11-04,Mon,2739.91,2737.21,2.7,2737.82,0.0986,0.2259,1122,-0.5,0.0542,0.0728,0.0644,0,,,,0,,,
2024-11-05,Tue,2736.13,2734.04,2.09,2734.42,0.0764,0.1818,801,-1.54,0.0986,0.0728,0.0644,1,25,up,0,0,-1.03,sl 2735.09,23.0
2024-11-06,Wed,2745.54,2741.76,3.78,2742.63,0.1378,0.2302,1518,-2.89,0.0764,0.0764,0.0688,1,21,down,1,1,1.997,tp 2736.06,35.0
2024-11-07,Thu,2664.02,2661.67,2.35,2662.41,0.0883,0.3149,1221,-1.56,0.1378,0.0764,0.0746,1,21,down,1,1,-1.052,sl 2662.85,32.0
2024-11-08,Fri,2709.14,2706.83,2.31,2708.69,0.0853,0.8052,744,1.84,0.0883,0.0883,0.0746,1,17,up,1,1,,,
2024-11-11,Mon,2686.05,2683.27,2.78,2683.44,0.1036,0.0612,1012,-2.12,0.0853,0.0883,0.0772,1,15,down,1,1,-1.022,sl 2684.66,23.0
2024-11-12,Tue,2624.03,2622.19,1.84,2623.69,0.0701,0.8152,652,-0.23,0.1036,0.0883,0.0772,0,,,,0,,,
2024-11-13,Wed,2599.13,2598.0,1.13,2598.71,0.0435,0.6283,496,-0.18,0.0701,0.0883,0.0772,1,19,up,1,1,-1.044,sl 2598.57,24.0
2024-11-14,Thu,2572.91,2570.84,2.07,2572.83,0.0805,0.9614,1027,1.98,0.0435,0.0853,0.0772,1,17,up,1,1,-1.034,sl 2571.88,25.0
2024-11-15,Fri,2567.01,2566.3,0.71,2566.99,0.0277,0.9718,896,0.13,0.0805,0.0805,0.0792,1,20,up,1,1,,,
2024-11-18,Mon,2573.25,2570.49,2.76,2571.87,0.1073,0.5,1237,0.53,0.0277,0.0701,0.0792,1,26,down,0,0,-1.026,sl 2571.87,26.0
2024-11-19,Tue,2612.67,2611.04,1.63,2611.32,0.0624,0.1718,701,-1.21,0.1073,0.0701,0.0829,0,,,,0,,,
2024-11-20,Wed,2636.59,2634.63,1.96,2636.33,0.0743,0.8673,845,1.25,0.0624,0.0624,0.0784,1,21,up,1,1,1.979,tp 2639.39,25.0
2024-11-21,Thu,2652.97,2651.73,1.24,2651.93,0.0468,0.1613,824,-0.2,0.0743,0.0743,0.0784,1,18,up,0,0,1.98,tp 2656.37,23.0
2024-11-22,Fri,2671.34,2668.77,2.57,2671.24,0.0962,0.9611,1069,2.18,0.0468,0.0624,0.0754,1,16,up,1,1,,,
2024-11-25,Mon,2720.06,2716.97,3.09,2719.18,0.1136,0.7152,1618,-0.6,0.0962,0.0743,0.0784,1,22,down,0,0,1.984,tp 2713.30,25.0
2024-11-26,Tue,2613.86,2608.6,5.26,2610.4,0.2015,0.3422,2689,-0.11,0.1136,0.0743,0.0784,1,20,up,0,0,2.001,tp 2623.17,22.0
2024-11-27,Wed,2633.04,2631.07,1.97,2631.07,0.0749,0.0,664,-1.13,0.2015,0.0962,0.0829,1,15,down,1,1,1.982,tp 2627.47,24.0
2024-11-28,Thu,2637.19,2636.12,1.07,2636.12,0.0406,0.0,409,-0.91,0.0749,0.0962,0.0784,1,19,down,1,1,-1.065,sl 2636.66,28.0
2024-11-29,Fri,2638.9,2636.62,2.28,2637.04,0.0865,0.1842,896,-1.7,0.0406,0.0962,0.0784,1,27,down,1,1,,,
2024-12-02,Mon,2647.61,2644.69,2.92,2644.73,0.1104,0.0137,976,-1.17,0.0865,0.0865,0.0829,1,15,down,1,1,1.989,tp 2641.59,25.0
2024-12-03,Tue,2642.86,2640.65,2.21,2642.26,0.0836,0.7285,940,0.1,0.1104,0.0865,0.0829,1,18,up,1,1,-1.042,sl 2641.76,32.0
2024-12-04,Wed,2643.47,2642.28,1.19,2642.28,0.045,0.0,625,-0.43,0.0836,0.0836,0.0845,1,15,down,1,1,,,
2024-12-05,Thu,2650.31,2648.52,1.79,2648.83,0.0676,0.1732,924,-1.42,0.045,0.0836,0.082,1,28,down,1,1,,,
2024-12-06,Fri,2633.72,2631.6,2.12,2631.9,0.0806,0.1415,870,-1.81,0.0676,0.0836,0.0777,1,15,down,1,1,,,
2024-12-09,Mon,2640.03,2634.06,5.97,2636.48,0.2264,0.4054,1395,-3.55,0.0806,0.0806,0.0777,1,24,down,1,1,-0.513,sl 2635.46,27.0
2024-12-10,Tue,2660.63,2657.84,2.79,2659.2,0.1049,0.4875,756,-1.25,0.2264,0.0806,0.0777,0,,,,0,,,
2024-12-11,Wed,2696.1,2693.44,2.66,2694.75,0.0987,0.4925,1183,-1.2,0.1049,0.0806,0.0805,1,20,up,0,0,1.991,tp 2700.83,28.0
2024-12-12,Thu,2720.96,2718.7,2.26,2720.71,0.0831,0.8894,849,0.78,0.0987,0.0987,0.0821,1,26,up,1,1,1.977,tp 2724.72,40.0
2024-12-13,Fri,2681.25,2678.85,2.4,2680.62,0.0895,0.7375,932,-0.04,0.0831,0.0987,0.0834,0,,,,0,,,
2024-12-16,Mon,2651.52,2649.38,2.14,2651.28,0.0807,0.8879,901,-0.12,0.0895,0.0987,0.0851,0,,,,0,,,
2024-12-17,Tue,2653.12,2651.19,1.93,2651.3,0.0728,0.057,878,-0.35,0.0807,0.0895,0.0834,0,,,,0,,,
2024-12-18,Wed,2648.78,2646.52,2.26,2647.72,0.0854,0.531,701,0.37,0.0728,0.0831,0.0834,0,,,,0,,,
2024-12-19,Thu,2590.33,2587.76,2.57,2588.38,0.0993,0.2412,1793,0.4,0.0854,0.0831,0.0845,1,16,up,0,0,1.99,tp 2594.18,31.0
2024-12-20,Fri,2594.43,2592.67,1.76,2593.57,0.0679,0.5114,786,0.12,0.0993,0.0854,0.0859,1,16,down,0,0,,,
2024-12-23,Mon,2625.06,2623.72,1.34,2624.44,0.0511,0.5373,919,0.1,0.0679,0.0807,0.0845,1,17,down,0,0,1.979,tp 2619.05,35.0
2024-12-24,Tue,2616.14,2615.13,1.01,2615.35,0.0386,0.2178,647,-0.12,0.0511,0.0728,0.0834,1,16,down,1,1,-1.027,sl 2615.64,48.0
2024-12-26,Thu,2619.98,2618.54,1.44,2619.16,0.055,0.4306,403,0.62,0.0386,0.0679,0.0819,1,22,up,0,0,1.975,tp 2623.67,54.0
2024-12-27,Fri,2633.51,2631.54,1.97,2633.43,0.0748,0.9594,563,0.98,0.055,0.055,0.0819,1,19,up,1,1,,,
2024-12-30,Mon,2625.18,2623.58,1.6,2624.29,0.061,0.4438,505,0.4,0.0748,0.055,0.0819,1,16,down,1,1,-1.035,sl 2624.38,48.0
2024-12-31,Tue,2606.58,2605.03,1.55,2605.17,0.0595,0.0903,318,-1.33,0.061,0.055,0.0806,1,24,up,0,0,1.977,tp 2609.29,37.0
2025-01-02,Thu,2625.94,2622.52,3.42,2625.5,0.1303,0.8713,857,1.9,0.0595,0.0595,0.0777,1,22,up,1,1,-1.02,sl 2624.23,40.0
2025-01-03,Fri,2660.97,2658.29,2.68,2660.53,0.1007,0.8358,656,2.23,0.1303,0.061,0.0777,0,,,,0,,,
2025-01-06,Mon,2641.64,2638.91,2.73,2639.1,0.1034,0.0696,811,-1.8,0.1007,0.0748,0.0806,1,22,down,1,1,-1.044,sl 2640.28,32.0
2025-01-07,Tue,2635.06,2633.92,1.14,2634.31,0.0433,0.3421,482,-0.21,0.1034,0.1007,0.0819,1,16,down,1,1,-1.028,sl 2634.49,31.0
2025-01-08,Wed,2649.93,2648.5,1.43,2649.43,0.054,0.6503,449,-0.14,0.0433,0.1007,0.0819,1,16,up,1,1,-0.541,sl 2649.80,41.0
2025-01-09,Thu,2662.72,2660.38,2.34,2660.42,0.088,0.0171,412,-2.13,0.054,0.1007,0.0778,1,22,down,1,1,-0.531,sl 2660.88,31.0
2025-01-10,Fri,2670.59,2669.18,1.41,2669.33,0.0528,0.1064,501,-0.66,0.088,0.088,0.0778,0,,,,0,,,
2025-01-13,Mon,2693.34,2690.5,2.84,2692.35,0.1055,0.6514,760,1.36,0.0528,0.054,0.0738,1,20,down,0,0,-0.547,sl 2691.04,33.0
2025-01-14,Tue,2668.96,2666.25,2.71,2668.4,0.1016,0.7934,663,0.51,0.1055,0.054,0.0738,0,,,,0,,,
2025-01-15,Wed,2675.96,2674.76,1.2,2675.41,0.0449,0.5417,451,-0.12,0.1016,0.088,0.0738,1,15,down,0,0,1.977,tp 2671.73,31.0
2025-01-16,Thu,2695.29,2692.88,2.41,2693.83,0.0895,0.3942,857,-1.04,0.0449,0.088,0.0703,1,16,up,0,0,-1.014,sl 2694.09,33.0
2025-01-17,Fri,2715.43,2714.1,1.33,2714.52,0.049,0.3158,660,0.1,0.0895,0.0895,0.0713,1,28,down,1,1,,,
2025-01-20,Mon,2696.34,2693.41,2.93,2695.9,0.1087,0.8498,922,-0.44,0.049,0.0895,0.0644,0,,,,0,,,
2025-01-21,Tue,2711.45,2709.85,1.6,2711.06,0.059,0.7563,1036,0.74,0.1087,0.0895,0.0644,1,16,down,0,0,-1.03,sl 2710.65,34.0
2025-01-22,Wed,2745.31,2743.71,1.6,2744.35,0.0583,0.4,917,0.11,0.059,0.059,0.0602,1,17,down,1,1,-1.078,sl 2744.51,30.0
2025-01-23,Thu,2755.18,2753.1,2.08,2753.71,0.0755,0.2933,715,-1.47,0.0583,0.059,0.0602,1,21,up,0,0,-1.028,sl 2754.14,29.0
2025-01-24,Fri,2756.72,2754.19,2.53,2756.63,0.0918,0.9644,584,2.19,0.0755,0.059,0.0679,0,,,,0,,,
2025-01-27,Mon,2768.9,2766.07,2.83,2768.39,0.1022,0.8198,1057,0.9,0.0918,0.0755,0.0752,0,,,,0,,,
2025-01-28,Tue,2743.32,2741.7,1.62,2742.66,0.0591,0.5926,858,0.94,0.1022,0.0755,0.0817,1,22,down,0,0,-0.556,sl 2741.72,31.0
2025-01-29,Wed,2762.99,2762.13,0.86,2762.6,0.0311,0.5465,593,0.03,0.0591,0.0755,0.0817,1,23,up,1,1,0.05,,30.0
2025-01-30,Thu,2760.34,2758.92,1.42,2759.33,0.0515,0.2887,444,-0.84,0.0311,0.0755,0.0817,1,27,up,0,0,-0.523,sl 2760.36,33.0
2025-01-31,Fri,2799.45,2795.11,4.34,2797.6,0.1551,0.5737,1179,1.52,0.0515,0.0591,0.0673,0,,,,0,,,
2025-02-03,Mon,2795.75,2791.43,4.32,2793.6,0.1546,0.5023,1419,-0.23,0.1551,0.0591,0.0673,1,23,down,0,0,-1.015,sl 2793.59,32.0
2025-02-04,Tue,2814.1,2812.7,1.4,2812.77,0.0498,0.05,410,-1.1,0.1546,0.0591,0.0673,1,25,up,0,0,1.97,tp 2817.30,29.0
2025-02-05,Wed,2842.43,2840.76,1.67,2841.41,0.0588,0.3892,659,-0.02,0.0498,0.0515,0.0673,1,27,up,0,0,1.975,tp 2845.14,32.0
2025-02-06,Thu,2869.88,2868.33,1.55,2869.47,0.054,0.7355,638,0.32,0.0588,0.0588,0.0673,1,20,down,0,0,-1.035,sl 2869.11,27.0
2025-02-07,Fri,2859.4,2857.99,1.41,2858.98,0.0493,0.7021,353,0.99,0.054,0.0588,0.059,1,19,up,1,1,,,
2025-02-10,Mon,2869.04,2865.75,3.29,2866.22,0.1148,0.1429,1093,-1.23,0.0493,0.054,0.059,0,,,,0,,,
2025-02-11,Tue,2918.77,2916.37,2.4,2918.39,0.0822,0.8417,800,0.58,0.1148,0.054,0.059,1,21,up,1,1,-1.033,sl 2917.57,24.0
2025-02-12,Wed,2898.75,2895.14,3.61,2897.27,0.1246,0.59,828,-1.34,0.0822,0.0588,0.059,1,26,down,0,0,1.978,tp 2891.43,26.0
2025-02-13,Thu,2908.16,2904.5,3.66,2907.87,0.1259,0.9208,679,2.0,0.1246,0.0822,0.0673,1,19,up,1,1,-1.024,sl 2906.33,24.0
2025-02-14,Fri,2931.44,2927.46,3.98,2927.76,0.1359,0.0754,935,-3.4,0.1259,0.1148,0.0673,0,,,,0,,,
2025-02-17,Mon,2887.64,2879.15,8.49,2885.66,0.2942,0.7668,1042,6.51,0.1359,0.1246,0.0789,1,21,up,1,1,-1.105,sl 2883.40,26.0
2025-02-18,Tue,2899.56,2898.73,0.83,2899.32,0.0286,0.7108,401,0.05,0.2942,0.1259,0.0789,1,25,down,0,0,,,
2025-02-19,Wed,2934.25,2932.58,1.67,2932.65,0.0569,0.0419,491,-1.36,0.0286,0.1259,0.0789,1,18,down,1,1,-1.042,sl 2933.42,23.0
2025-02-20,Thu,2940.11,2935.41,4.7,2939.16,0.1599,0.7979,696,3.75,0.0569,0.1259,0.0789,0,,,,0,,,
2025-02-21,Fri,2942.73,2940.87,1.86,2942.15,0.0632,0.6882,603,0.61,0.1599,0.1359,0.087,1,23,down,0,0,,,
2025-02-24,Mon,2937.95,2936.07,1.88,2936.49,0.064,0.2234,920,-0.32,0.0632,0.0632,0.0727,1,18,down,1,1,-0.55,sl 2936.40,27.0
2025-02-25,Tue,2952.49,2949.35,3.14,2949.48,0.1065,0.0414,849,-0.59,0.064,0.0632,0.0636,1,16,down,1,1,-1.022,sl 2950.92,23.0
2025-02-26,Wed,2924.49,2918.53,5.96,2924.36,0.2038,0.9782,1026,5.83,0.1065,0.064,0.0731,1,15,up,1,1,-0.52,sl 2923.83,29.0
2025-02-27,Thu,2919.21,2917.25,1.96,2917.71,0.0672,0.2347,443,-1.5,0.2038,0.1065,0.0943,0,,,,0,,,
2025-02-28,Fri,2875.93,2874.84,1.09,2875.37,0.0379,0.4862,497,-0.56,0.0672,0.0672,0.0943,1,15,up,0,0,,,
2025-03-03,Mon,2871.17,2866.22,4.95,2870.19,0.1725,0.802,1113,-0.65,0.0379,0.0672,0.0747,0,,,,0,,,
2025-03-04,Tue,2893.2,2890.32,2.88,2893.19,0.0995,0.9965,616,2.37,0.1725,0.1065,0.0747,1,15,up,1,1,-1.084,sl 2891.76,33.0
2025-03-05,Wed,2915.03,2912.13,2.9,2914.12,0.0995,0.6862,903,-0.18,0.0995,0.0995,0.0909,1,19,up,1,1,-0.539,sl 2914.56,28.0
2025-03-06,Thu,2919.34,2917.6,1.74,2919.15,0.0596,0.8908,381,0.89,0.0995,0.0995,0.0995,1,15,up,1,1,-1.08,sl 2918.47,33.0
2025-03-07,Fri,2910.2,2896.79,13.41,2899.72,0.4625,0.2185,1686,-10.48,0.0596,0.0995,0.0995,0,,,,0,,,
2025-03-10,Mon,2917.94,2914.65,3.29,2916.12,0.1128,0.4468,1162,-0.03,0.4625,0.0995,0.103,1,25,down,1,1,-0.535,sl 2915.43,26.0
2025-03-11,Tue,2887.36,2884.21,3.15,2887.09,0.1091,0.9143,1058,2.36,0.1128,0.0995,0.103,1,15,up,1,1,-1.027,sl 2885.79,29.0
2025-03-12,Wed,2915.44,2913.36,2.08,2913.63,0.0714,0.1298,864,-1.81,0.1091,0.1091,0.1078,0,,,,0,,,
2025-03-13,Thu,2938.67,2937.56,1.11,2938.13,0.0378,0.5135,531,0.15,0.0714,0.1091,0.103,1,20,up,1,1,-1.032,sl 2938.12,28.0
2025-03-14,Fri,2987.01,2985.59,1.42,2986.49,0.0475,0.6338,681,0.11,0.0378,0.1091,0.0995,1,27,down,0,0,,,
2025-03-17,Mon,2990.55,2988.2,2.35,2988.2,0.0786,0.0,599,-1.83,0.0475,0.0714,0.0855,1,15,down,1,1,-0.543,sl 2988.73,26.0
2025-03-18,Tue,3002.16,2999.54,2.62,3000.82,0.0873,0.4885,659,1.25,0.0786,0.0714,0.075,1,24,up,0,0,-1.04,sl 3000.85,25.0
2025-03-19,Wed,3031.64,3030.38,1.26,3030.91,0.0416,0.4206,694,-0.66,0.0873,0.0714,0.083,1,22,up,0,0,-0.534,sl 3031.77,24.0
2025-03-20,Thu,3054.33,3049.96,4.37,3052.03,0.1432,0.4737,990,2.07,0.0416,0.0475,0.083,1,23,up,0,0,-1.045,sl 3052.15,26.0
2025-03-21,Fri,3047.41,3044.42,2.99,3044.55,0.0982,0.0435,731,-1.86,0.1432,0.0786,0.083,1,15,down,1,1,,,
2025-03-24,Mon,3025.47,3023.13,2.34,3024.07,0.0774,0.4017,800,-0.53,0.0982,0.0873,0.0928,1,20,down,1,1,2.013,tp 3020.19,29.0
2025-03-25,Tue,3011.49,3009.02,2.47,3011.23,0.082,0.8947,542,0.96,0.0774,0.0873,0.0928,1,21,up,1,1,-0.525,sl 3011.11,27.0
2025-03-26,Wed,3021.56,3020.77,0.79,3021.32,0.0261,0.6962,455,0.39,0.082,0.082,0.0847,1,21,up,1,1,,,
2025-03-27,Thu,3025.11,3021.62,3.49,3023.24,0.1154,0.4642,1003,1.62,0.0261,0.082,0.0803,0,,,,0,,,
2025-03-28,Fri,3061.88,3054.86,7.02,3058.13,0.2296,0.4658,1053,2.7,0.1154,0.082,0.0847,1,24,up,0,0,,,
2025-03-31,Mon,3089.59,3084.43,5.16,3087.23,0.1671,0.5426,941,-1.8,0.2296,0.082,0.0928,1,27,down,0,0,-0.512,sl 3085.23,30.0
2025-04-01,Tue,3124.4,3120.18,4.22,3122.92,0.1351,0.6493,1039,2.5,0.1671,0.1154,0.0928,1,18,up,1,1,2.002,tp 3131.05,26.0
2025-04-02,Wed,3115.39,3112.97,2.42,3113.7,0.0777,0.3017,879,-1.44,0.1351,0.1351,0.0928,1,20,up,0,0,1.978,tp 3118.71,30.0
2025-04-03,Thu,3164.8,3149.27,15.53,3150.4,0.493,0.0728,2508,-12.06,0.0777,0.1351,0.0847,1,17,down,1,1,-0.507,sl 3153.00,25.0
2025-04-04,Fri,3115.0,3111.86,3.14,3112.55,0.1009,0.2197,1305,-0.34,0.493,0.1671,0.0928,1,19,down,1,1,,,
2025-04-07,Mon,3009.08,2970.88,38.2,2981.7,1.2811,0.2832,2528,-18.01,0.1009,0.1351,0.0928,0,,,,0,,,
2025-04-08,Tue,2987.04,2980.35,6.69,2985.23,0.2241,0.7294,1523,4.02,1.2811,0.1351,0.0928,1,23,up,1,1,-0.512,sl 2985.86,27.0
2025-04-09,Wed,2984.76,2975.01,9.75,2977.88,0.3274,0.2944,1966,-0.69,0.2241,0.2241,0.0928,0,,,,0,,,
2025-04-10,Thu,3088.2,3081.12,7.08,3086.86,0.2294,0.8107,1783,0.16,0.3274,0.3274,0.0995,1,19,up,1,1,1.992,tp 3100.44,31.0
2025-04-11,Fri,3190.6,3184.97,5.63,3190.14,0.1765,0.9183,1656,1.21,0.2294,0.2294,0.1082,1,19,up,1,1,,,
2025-04-14,Mon,3224.85,3220.79,4.06,3222.85,0.126,0.5074,1229,-0.95,0.1765,0.2294,0.1253,1,20,up,1,1,-0.532,sl 3224.01,24.0
2025-04-15,Tue,3214.13,3210.76,3.37,3214.01,0.1049,0.9644,687,1.48,0.126,0.2241,0.1306,1,15,up,1,1,-1.022,sl 3212.45,29.0
2025-04-16,Wed,3261.75,3251.6,10.15,3255.81,0.3118,0.4148,1981,4.05,0.1049,0.1765,0.1306,1,28,up,0,0,1.999,tp 3273.90,27.0
2025-04-17,Thu,3350.61,3343.57,7.04,3345.3,0.2104,0.2457,1665,-4.72,0.3118,0.1765,0.1392,0,,,,0,,,
2025-04-21,Mon,3356.0,3347.46,8.54,3354.15,0.2546,0.7834,1740,6.05,0.2104,0.1765,0.1511,0,,,,0,,,
2025-04-22,Tue,3435.3,3412.39,22.91,3417.25,0.6704,0.2121,2134,-17.19,0.2546,0.2104,0.1718,0,,,,0,,,
2025-04-23,Wed,3343.0,3334.66,8.34,3343.0,0.2495,1.0,1547,6.38,0.6704,0.2546,0.1935,1,16,up,1,1,-1.011,sl 3338.83,27.0
2025-04-24,Thu,3321.5,3313.36,8.14,3321.49,0.2451,0.9988,1332,5.01,0.2495,0.2546,0.2173,1,17,up,1,1,2.001,tp 3332.76,26.0
2025-04-25,Fri,3358.17,3347.2,10.97,3355.81,0.3269,0.7849,1472,7.13,0.2451,0.2495,0.2267,1,15,up,1,1,,,
2025-04-28,Mon,3313.29,3301.71,11.58,3307.22,0.3501,0.4758,1722,4.59,0.3269,0.2546,0.2295,0,,,,0,,,
2025-04-29,Tue,3338.08,3333.19,4.89,3337.62,0.1465,0.9059,957,-0.22,0.3501,0.3269,0.2372,1,25,down,0,0,-0.546,sl 3334.22,24.0
2025-04-30,Wed,3327.97,3316.33,11.64,3324.01,0.3502,0.6598,1144,6.79,0.1465,0.2495,0.2372,0,,,,0,,,
2025-05-01,Thu,3276.16,3269.43,6.73,3275.24,0.2055,0.8633,1180,2.17,0.3502,0.3269,0.2473,1,19,down,0,0,2.058,tp 3260.23,30.0
2025-05-02,Fri,3241.15,3237.1,4.05,3238.49,0.1251,0.3432,1019,1.06,0.2055,0.3269,0.2473,1,22,up,0,0,,,
2025-05-05,Mon,3248.5,3244.16,4.34,3245.98,0.1337,0.4194,965,-2.02,0.1251,0.2055,0.2372,0,,,,0,,,
2025-05-06,Tue,3334.24,3332.01,2.23,3333.0,0.0669,0.4439,1032,-1.05,0.1337,0.1465,0.2372,1,16,down,1,1,1.981,tp 3327.31,27.0
2025-05-07,Wed,3401.4,3391.42,9.98,3392.26,0.2942,0.0842,1917,-8.67,0.0669,0.1337,0.2267,1,16,down,1,1,1.997,tp 3377.75,24.0
2025-05-08,Thu,3378.6,3373.79,4.81,3378.46,0.1424,0.9709,1026,2.05,0.2942,0.1337,0.2372,1,15,up,1,1,1.992,tp 3385.95,31.0
2025-05-09,Fri,3319.63,3312.31,7.32,3312.56,0.221,0.0342,1193,-3.73,0.1424,0.1337,0.2199,1,21,down,1,1,,,
2025-05-12,Mon,3289.88,3281.71,8.17,3287.4,0.2485,0.6965,1476,-0.29,0.221,0.1424,0.2157,1,20,down,0,0,-1.02,sl 3285.80,31.0
2025-05-13,Tue,3243.27,3235.69,7.58,3241.54,0.2338,0.7718,1274,4.72,0.2485,0.221,0.233,0,,,,0,,,
2025-05-14,Wed,3254.52,3243.77,10.75,3245.16,0.3313,0.1293,1349,-9.08,0.2338,0.2338,0.2395,1,19,down,1,1,-1.014,sl 3249.15,29.0
2025-05-15,Thu,3186.12,3180.12,6.0,3184.83,0.1884,0.785,1219,-1.19,0.3313,0.2338,0.2468,0,,,,0,,,
2025-05-16,Fri,3242.3,3233.15,9.15,3238.83,0.2825,0.6208,1628,1.78,0.1884,0.2338,0.2395,0,,,,0,,,
2025-05-19,Mon,3247.78,3233.46,14.32,3245.46,0.4412,0.838,1400,10.61,0.2825,0.2485,0.2468,1,17,up,1,1,-1.008,sl 3240.62,32.0
2025-05-20,Tue,3224.03,3220.33,3.7,3220.4,0.1149,0.0189,854,-2.1,0.4412,0.2825,0.2468,1,16,down,1,1,-0.516,sl 3220.80,29.0
2025-05-21,Wed,3296.29,3288.91,7.38,3294.52,0.224,0.7602,959,3.93,0.1149,0.2825,0.2395,1,27,up,1,1,2.003,tp 3305.11,26.0
2025-05-22,Thu,3325.94,3320.11,5.83,3323.65,0.1754,0.6072,1120,3.38,0.224,0.224,0.2289,1,28,down,0,0,-1.016,sl 3323.03,26.0
2025-05-23,Fri,3300.78,3293.56,7.22,3299.92,0.2188,0.8809,1252,0.02,0.1754,0.224,0.2225,1,15,up,1,1,,,
2025-05-26,Mon,3346.09,3335.28,10.81,3336.9,0.324,0.1499,1293,-5.69,0.2188,0.2188,0.2199,1,15,down,1,1,-1.017,sl 3340.69,32.0
2025-05-27,Tue,3349.44,3344.31,5.13,3349.34,0.1532,0.9805,864,3.02,0.324,0.2188,0.2199,1,20,down,0,0,-1.022,sl 3346.88,32.0
2025-05-28,Wed,3311.62,3309.27,2.35,3311.18,0.071,0.8128,818,1.85,0.1532,0.2188,0.2199,1,16,up,1,1,-1.051,sl 3310.45,23.0
2025-05-29,Thu,3264.79,3256.33,8.46,3260.63,0.2595,0.5083,2032,1.12,0.071,0.1754,0.2121,1,16,down,0,0,-1.014,sl 3260.56,32.0
2025-05-30,Fri,3318.82,3313.48,5.34,3314.17,0.1611,0.1292,1139,-1.39,0.2595,0.2188,0.2199,1,20,down,1,1,,,
2025-06-02,Mon,3314.67,3309.75,4.92,3313.04,0.1485,0.6687,1292,3.06,0.1611,0.1611,0.2199,0,,,,0,,,
2025-06-03,Tue,3388.58,3380.37,8.21,3382.01,0.2428,0.1998,1301,-5.32,0.1485,0.1532,0.2199,1,17,down,1,1,1.996,tp 3370.41,27.0
2025-06-04,Wed,3360.05,3351.66,8.39,3353.83,0.2502,0.2586,1376,-6.13,0.2428,0.1611,0.2225,0,,,,0,,,
2025-06-05,Thu,3378.7,3374.39,4.31,3378.18,0.1276,0.8794,1059,0.19,0.2502,0.2428,0.2225,1,15,up,1,1,-0.537,sl 3378.06,31.0
2025-06-06,Fri,3364.07,3361.43,2.64,3363.72,0.0785,0.8674,982,1.93,0.1276,0.1611,0.2225,0,,,,0,,,
2025-06-09,Mon,3318.55,3310.8,7.75,3311.74,0.234,0.1213,1174,-6.23,0.0785,0.1485,0.2214,1,15,down,1,1,-0.513,sl 3311.85,33.0
2025-06-10,Tue,3326.75,3319.9,6.85,3323.43,0.2061,0.5153,1098,-3.3,0.234,0.234,0.2214,1,28,down,0,0,1.993,tp 3311.87,34.0
2025-06-11,Wed,3330.29,3324.93,5.36,3328.3,0.161,0.6287,1169,0.38,0.2061,0.2061,0.2125,1,16,up,1,1,0.281,,34.0
2025-06-12,Thu,3367.1,3362.14,4.96,3364.99,0.1474,0.5746,1730,-0.48,0.161,0.161,0.1973,1,27,up,1,1,-1.037,sl 3364.62,32.0
2025-06-13,Fri,3411.92,3391.68,20.24,3401.8,0.595,0.5,2766,6.28,0.1474,0.161,0.1908,1,28,up,1,1,,,
2025-06-16,Mon,3445.81,3437.06,8.75,3445.43,0.254,0.9566,1461,1.26,0.595,0.2061,0.1908,1,17,up,1,1,-0.513,sl 3444.15,29.0
2025-06-17,Tue,3402.85,3397.14,5.71,3401.75,0.1679,0.8074,1421,-1.04,0.254,0.2061,0.1908,0,,,,0,,,
2025-06-18,Wed,3388.78,3383.3,5.48,3383.67,0.162,0.0675,1112,-3.65,0.1679,0.1679,0.1908,1,16,down,1,1,-1.016,sl 3386.04,30.0
2025-06-19,Thu,3379.07,3374.67,4.4,3378.1,0.1303,0.7795,914,3.18,0.162,0.1679,0.1716,1,21,up,1,1,-0.52,sl 3378.07,36.0
2025-06-20,Fri,3370.23,3366.84,3.39,3368.31,0.1006,0.4336,932,-0.39,0.1303,0.1679,0.1649,1,21,down,1,1,,,
2025-06-23,Mon,3373.46,3366.66,6.8,3368.17,0.2019,0.2221,1318,-4.53,0.1006,0.162,0.1615,1,18,down,1,1,-0.515,sl 3368.06,30.0
2025-06-24,Tue,3345.02,3333.08,11.94,3344.85,0.357,0.9858,1714,0.64,0.2019,0.162,0.1615,1,16,up,1,1,-0.51,sl 3342.53,27.0
2025-06-25,Wed,3326.96,3323.53,3.43,3326.4,0.1031,0.8367,729,2.44,0.357,0.162,0.1649,1,21,up,1,1,-0.524,sl 3326.66,36.0
2025-06-26,Thu,3339.26,3332.62,6.64,3335.58,0.1991,0.4458,1076,-3.57,0.1031,0.1303,0.1649,0,,,,0,,,
2025-06-27,Fri,3319.78,3314.89,4.89,3316.76,0.1474,0.3824,866,-1.74,0.1991,0.1991,0.1649,1,20,down,1,1,,,
2025-06-30,Mon,3268.23,3263.01,5.22,3267.98,0.1597,0.9521,824,4.46,0.1474,0.1991,0.1649,1,18,up,1,1,-1.014,sl 3265.62,25.0
2025-07-01,Tue,3313.23,3309.78,3.45,3312.2,0.1042,0.7014,821,-0.13,0.1597,0.1597,0.1649,0,,,,0,,,
2025-07-02,Wed,3344.88,3334.55,10.33,3343.24,0.309,0.8412,1277,5.13,0.1042,0.1474,0.1615,0,,,,0,,,
2025-07-03,Thu,3349.75,3344.73,5.02,3345.98,0.15,0.249,1128,-3.47,0.309,0.1597,0.1615,0,,,,0,,,
2025-07-04,Fri,3330.97,3326.1,4.87,3326.31,0.1464,0.0431,571,-4.44,0.15,0.15,0.1615,1,15,down,1,1,,,
2025-07-07,Mon,3329.49,3322.97,6.52,3325.2,0.1961,0.342,1032,-3.58,0.1464,0.15,0.1615,0,,,,0,,,
2025-07-08,Tue,3337.07,3332.88,4.19,3336.15,0.1256,0.7804,1023,1.62,0.1961,0.15,0.1615,1,24,down,0,0,-1.022,sl 3334.98,34.0
2025-07-09,Wed,3307.88,3301.78,6.1,3304.96,0.1846,0.5213,1096,2.71,0.1256,0.15,0.1604,0,,,,0,,,
2025-07-10,Thu,3319.63,3316.49,3.14,3318.35,0.0946,0.5924,723,0.8,0.1846,0.15,0.1608,0,,,,0,,,
2025-07-11,Fri,3327.49,3323.46,4.03,3326.51,0.1211,0.7568,868,2.93,0.0946,0.1464,0.1608,1,25,up,1,1,,,
2025-07-14,Mon,3368.37,3364.75,3.62,3368.04,0.1075,0.9088,1400,0.45,0.1211,0.1256,0.1549,1,21,up,1,1,-0.534,sl 3367.69,24.0
2025-07-15,Tue,3346.95,3344.71,2.24,3346.63,0.0669,0.8571,561,1.38,0.1075,0.1211,0.1487,1,15,up,1,1,-0.548,sl 3346.73,30.0
2025-07-16,Wed,3331.46,3328.89,2.57,3329.29,0.0772,0.1556,617,-1.73,0.0669,0.1075,0.1469,1,25,up,0,0,-0.562,sl 3330.96,25.0
2025-07-17,Thu,3347.27,3343.01,4.26,3344.02,0.1274,0.2371,743,-2.35,0.0772,0.0946,0.1383,1,16,down,1,1,-1.026,sl 3345.14,26.0
2025-07-18,Fri,3341.35,3339.32,2.03,3340.62,0.0608,0.6404,640,0.42,0.1274,0.1075,0.1369,1,24,down,0,0,,,
2025-07-21,Mon,3350.39,3347.61,2.78,3350.26,0.083,0.9532,574,1.18,0.0608,0.0772,0.1369,1,15,up,1,1,1.98,tp 3354.61,30.0
2025-07-22,Tue,3396.44,3390.41,6.03,3391.57,0.1778,0.1924,956,-4.84,0.083,0.0772,0.1265,0,,,,0,,,
2025-07-23,Wed,3433.9,3427.1,6.8,3432.71,0.1981,0.825,1002,5.52,0.1778,0.083,0.1265,1,15,up,1,1,-0.511,sl 3432.45,32.0
2025-07-24,Thu,3393.14,3389.1,4.04,3390.18,0.1192,0.2673,689,0.22,0.1981,0.1274,0.1369,1,28,down,1,1,-1.021,sl 3391.12,32.0
2025-07-25,Fri,3370.66,3368.28,2.38,3370.31,0.0706,0.8529,523,0.94,0.1192,0.1192,0.1265,1,15,up,1,1,,,
2025-07-28,Mon,3335.91,3333.17,2.74,3333.65,0.0822,0.1752,741,0.08,0.0706,0.1192,0.1234,1,19,down,1,1,-0.531,sl 3333.56,28.0
2025-07-29,Tue,3315.74,3308.95,6.79,3310.95,0.2051,0.2946,840,-1.55,0.0822,0.1192,0.1202,1,23,down,1,1,-1.016,sl 3312.35,30.0
2025-07-30,Wed,3330.23,3327.15,3.08,3329.89,0.0925,0.8896,589,2.44,0.2051,0.1192,0.1234,0,,,,0,,,
2025-07-31,Thu,3288.06,3283.17,4.89,3284.48,0.1489,0.2679,1180,-0.77,0.0925,0.0925,0.1202,0,,,,0,,,
2025-08-01,Fri,3289.1,3286.6,2.5,3288.41,0.076,0.724,871,-0.06,0.1489,0.0925,0.1202,1,27,up,1,1,,,
2025-08-04,Mon,3362.22,3356.03,6.19,3356.18,0.1844,0.0242,1073,-5.51,0.076,0.0925,0.1133,1,17,down,1,1,1.986,tp 3348.84,24.0
2025-08-05,Tue,3378.82,3375.81,3.01,3376.99,0.0891,0.392,608,-0.38,0.1844,0.1489,0.1133,0,,,,0,,,
2025-08-06,Wed,3383.53,3381.47,2.06,3382.87,0.0609,0.6796,724,-0.25,0.0891,0.0925,0.1011,1,15,up,1,1,-0.556,sl 3383.19,26.0
2025-08-07,Thu,3370.64,3365.19,5.45,3369.81,0.1617,0.8477,1198,-0.33,0.0609,0.0891,0.0936,1,16,up,1,1,1.986,tp 3378.15,32.0
2025-08-08,Fri,3402.19,3397.4,4.79,3399.63,0.1409,0.4656,2586,-0.99,0.1617,0.0891,0.1,1,17,down,1,1,,,
2025-08-11,Mon,3391.57,3386.36,5.21,3387.44,0.1538,0.2073,1658,-3.94,0.1409,0.1409,0.1,0,,,,0,,,
2025-08-12,Tue,3351.25,3347.32,3.93,3351.17,0.1173,0.9796,937,2.27,0.1538,0.1409,0.1058,1,15,up,1,1,-0.522,sl 3351.27,30.0
2025-08-13,Wed,3350.68,3345.98,4.7,3347.7,0.1404,0.366,1227,-2.83,0.1173,0.1409,0.1182,1,18,down,1,1,-0.519,sl 3346.69,25.0
2025-08-14,Thu,3368.47,3362.68,5.79,3367.89,0.1719,0.8998,1297,5.18,0.1404,0.1409,0.1233,1,15,up,1,1,-0.514,sl 3367.21,29.0
2025-08-15,Fri,3335.81,3332.34,3.47,3333.16,0.1041,0.2363,949,-2.37,0.1719,0.1409,0.1298,1,28,up,0,0,,,
2025-08-18,Mon,3335.03,3326.71,8.32,3334.84,0.2495,0.9772,1314,7.8,0.1041,0.1404,0.1298,1,16,up,1,1,1.99,tp 3344.64,27.0
2025-08-19,Tue,3337.68,3326.0,11.68,3336.13,0.3501,0.8673,1840,5.23,0.2495,0.1404,0.1406,1,15,up,1,1,-1.009,sl 3331.84,31.0
2025-08-20,Wed,3316.06,3313.18,2.88,3313.82,0.0869,0.2222,1053,-0.4,0.3501,0.1719,0.1406,0,,,,0,,,
2025-08-21,Thu,3346.91,3344.07,2.84,3344.56,0.0849,0.1725,754,-2.35,0.0869,0.1719,0.1298,1,23,down,1,1,-0.518,sl 3344.16,32.0
2025-08-22,Fri,3338.34,3336.3,2.04,3336.38,0.0611,0.0392,612,-1.96,0.0849,0.1041,0.1288,1,15,down,1,1,,,
2025-08-25,Mon,3369.53,3364.27,5.26,3365.28,0.1563,0.192,1013,-3.69,0.0611,0.0869,0.1288,0,,,,0,,,
2025-08-26,Tue,3370.81,3351.24,19.57,3368.95,0.5809,0.905,2993,14.18,0.1563,0.0869,0.1406,1,15,up,1,1,0.345,,32.0
2025-08-27,Wed,3392.4,3389.62,2.78,3392.28,0.082,0.9568,846,1.46,0.5809,0.0869,0.1406,1,18,up,1,1,-1.054,sl 3391.01,21.0
2025-08-28,Thu,3397.2,3394.52,2.68,3394.63,0.0789,0.041,834,-1.0,0.082,0.0849,0.1406,1,22,up,0,0,-1.08,sl 3395.86,32.0
2025-08-29,Fri,3417.4,3414.64,2.76,3417.18,0.0808,0.9203,871,2.45,0.0789,0.082,0.1288,1,15,up,1,1,,,
2025-09-01,Mon,3447.91,3443.12,4.79,3443.5,0.1391,0.0793,1404,-4.41,0.0808,0.082,0.1288,0,,,,0,,,
2025-09-02,Tue,3482.98,3478.33,4.65,3480.89,0.1336,0.5505,2014,1.64,0.1391,0.082,0.1282,1,29,up,1,1,-0.522,sl 3482.00,27.0
2025-09-03,Wed,3531.08,3527.95,3.13,3530.69,0.0887,0.8754,1171,0.86,0.1336,0.082,0.1363,1,15,up,1,1,2.004,tp 3537.32,30.0
2025-09-04,Thu,3560.91,3551.85,9.06,3556.62,0.2547,0.5265,1748,-3.65,0.0887,0.0887,0.1363,0,,,,0,,,
2025-09-05,Fri,3556.48,3549.75,6.73,3550.96,0.1895,0.1798,1782,-1.57,0.2547,0.1336,0.1363,1,16,down,1,1,,,
2025-09-08,Mon,3591.13,3586.88,4.25,3589.22,0.1184,0.5506,1511,-1.86,0.1895,0.1391,0.1363,1,25,up,1,1,-1.037,sl 3589.01,29.0
2025-09-09,Tue,3637.1,3633.34,3.76,3637.09,0.1034,0.9973,1064,2.23,0.1184,0.1336,0.126,1,15,up,1,1,-0.523,sl 3636.44,30.0
2025-09-10,Wed,3634.33,3629.11,5.22,3630.41,0.1438,0.249,1327,-3.15,0.1034,0.1184,0.126,1,17,down,1,1,-0.519,sl 3630.23,27.0
2025-09-11,Thu,3646.44,3644.49,1.95,3646.39,0.0535,0.9744,1069,1.22,0.1438,0.1438,0.126,0,,,,0,,,
2025-09-12,Fri,3633.73,3631.59,2.14,3633.33,0.0589,0.8131,805,1.59,0.0535,0.1184,0.1113,1,29,down,0,0,,,
2025-09-15,Mon,3641.64,3634.67,6.97,3641.21,0.1914,0.9383,1109,3.14,0.0589,0.1034,0.1109,1,15,up,1,1,-1.016,sl 3638.16,30.0
2025-09-16,Tue,3679.63,3676.33,3.3,3679.45,0.0897,0.9455,1185,2.62,0.1914,0.1034,0.1109,1,15,up,1,1,1.995,tp 3684.85,32.0
2025-09-17,Wed,3695.2,3692.34,2.86,3694.97,0.0774,0.9196,1005,0.82,0.0897,0.0897,0.0965,0,,,,0,,,
2025-09-18,Thu,3669.82,3661.37,8.45,3663.97,0.2306,0.3077,1497,-5.38,0.0774,0.0774,0.0965,0,,,,0,,,
2025-09-19,Fri,3642.62,3638.48,4.14,3639.37,0.1138,0.215,1109,-0.87,0.2306,0.0897,0.1109,1,18,down,1,1,,,
2025-09-22,Mon,3690.72,3685.63,5.09,3690.46,0.1379,0.9489,1282,4.53,0.1138,0.1138,0.1161,0,,,,0,,,
2025-09-23,Tue,3748.78,3746.47,2.31,3746.86,0.0617,0.1688,1034,-0.91,0.1379,0.1138,0.1161,1,17,down,1,1,-1.044,sl 3747.63,21.0
2025-09-24,Wed,3765.02,3758.84,6.18,3759.39,0.1644,0.089,1486,-4.6,0.0617,0.1138,0.1086,0,,,,0,,,
2025-09-25,Thu,3749.91,3741.29,8.62,3749.85,0.2299,0.993,1519,6.95,0.1644,0.1379,0.1161,1,15,up,1,1,-1.017,sl 3745.60,32.0
2025-09-26,Fri,3748.89,3741.98,6.91,3746.49,0.1844,0.6527,1418,1.6,0.2299,0.1379,0.126,1,28,down,0,0,,,
2025-09-29,Mon,3774.54,3763.89,10.65,3773.95,0.2822,0.9446,1670,7.18,0.1844,0.1644,0.1358,1,20,up,1,1,1.991,tp 3787.16,22.0
2025-09-30,Tue,3839.37,3831.11,8.26,3838.56,0.2152,0.9019,1891,5.52,0.2822,0.1844,0.1358,0,,,,0,,,
2025-10-01,Wed,3865.17,3862.35,2.82,3865.13,0.073,0.9858,1230,2.33,0.2152,0.2152,0.1409,1,26,down,0,0,-0.575,sl 3862.90,27.0
2025-10-02,Thu,3863.68,3857.56,6.12,3858.37,0.1586,0.1324,1610,-5.07,0.073,0.2152,0.1409,1,20,down,1,1,-1.022,sl 3860.62,17.0
2025-10-03,Fri,3862.57,3857.35,5.22,3861.23,0.1352,0.7433,1248,-1.13,0.1586,0.1844,0.1409,0,,,,0,,,
2025-10-06,Mon,3909.5,3900.33,9.17,3904.45,0.2349,0.4493,2448,-4.87,0.1352,0.1586,0.1366,1,24,down,1,1,-1.014,sl 3904.92,27.0
2025-10-07,Tue,3972.41,3966.62,5.79,3971.05,0.1458,0.7651,1759,1.52,0.2349,0.1586,0.1409,1,19,up,1,1,-0.513,sl 3971.52,24.0
2025-10-08,Wed,3997.59,3994.18,3.41,3996.74,0.0853,0.7507,1369,2.36,0.1458,0.1458,0.1448,1,23,up,1,1,-1.075,sl 3995.89,27.0
2025-10-09,Thu,4018.9,4008.68,10.22,4018.35,0.2543,0.9462,2190,6.96,0.0853,0.1458,0.1419,1,17,up,1,1,-0.522,sl 4016.55,17.0
2025-10-10,Fri,3992.09,3985.48,6.61,3990.31,0.1657,0.7307,1720,0.54,0.2543,0.1458,0.1522,1,17,up,1,1,,,
2025-10-13,Mon,4036.09,4025.19,10.9,4031.9,0.2703,0.6156,2283,-2.77,0.1657,0.1657,0.1615,1,26,up,1,1,1.996,tp 4052.30,22.0
2025-10-14,Tue,4129.55,4119.99,9.56,4123.33,0.2319,0.3494,2086,-4.48,0.2703,0.1657,0.1615,0,,,,0,,,
2025-10-15,Wed,4169.61,4158.1,11.51,4168.46,0.2761,0.9001,1716,6.93,0.2319,0.2319,0.165,1,28,down,0,0,-1.009,sl 4163.86,29.0
2025-10-16,Thu,4215.61,4204.8,10.81,4214.99,0.2565,0.9426,1641,5.55,0.2761,0.2543,0.175,1,16,up,1,1,-0.519,sl 4213.14,19.0
2025-10-17,Fri,4366.72,4355.1,11.62,4356.61,0.2667,0.1299,2051,-9.11,0.2565,0.2565,0.175,0,,,,0,,,
2025-10-20,Mon,4242.63,4224.43,18.2,4225.19,0.4307,0.0418,2414,-12.56,0.2667,0.2667,0.1998,1,18,down,1,1,-1.01,sl 4233.53,30.0
2025-10-21,Tue,4363.82,4356.36,7.46,4359.28,0.1711,0.3914,2038,-0.89,0.4307,0.2667,0.2225,1,21,up,0,0,-0.514,sl 4362.63,22.0
2025-10-22,Wed,4093.77,4003.3,90.47,4035.73,2.2417,0.3585,3266,-57.63,0.1711,0.2667,0.2225,0,,,,0,,,
2025-10-23,Thu,4096.71,4083.48,13.23,4085.82,0.3238,0.1769,2178,-1.76,2.2417,0.2667,0.2309,1,19,down,1,1,-0.507,sl 4085.84,30.0
2025-10-24,Fri,4132.01,4117.89,14.12,4128.44,0.342,0.7472,1746,9.25,0.3238,0.3238,0.2334,1,29,up,1,1,,,
2025-10-27,Mon,4072.46,4058.27,14.19,4069.32,0.3487,0.7787,2020,4.84,0.342,0.342,0.2446,0,,,,0,,,
2025-10-28,Tue,3998.68,3985.41,13.27,3986.38,0.3329,0.0731,1638,-12.15,0.3487,0.342,0.2446,1,16,down,1,1,-0.526,sl 3988.62,32.0
2025-10-29,Wed,3968.9,3959.15,9.75,3961.89,0.2461,0.281,2002,-2.67,0.3329,0.342,0.2554,1,24,up,0,0,1.991,tp 3980.17,21.0
2025-10-30,Thu,3962.46,3951.94,10.52,3956.61,0.2659,0.4439,1562,4.03,0.2461,0.3329,0.2554,1,20,up,0,0,-1.008,sl 3957.20,31.0
2025-10-31,Fri,4036.71,4028.97,7.74,4031.56,0.192,0.3346,1999,-4.75,0.2659,0.3329,0.2612,1,27,down,1,1,,,
2025-11-03,Mon,3987.63,3967.38,20.25,3968.37,0.5103,0.0489,1434,-11.21,0.192,0.2659,0.2612,1,16,down,1,1,-1.005,sl 3977.51,28.0
2025-11-04,Tue,3998.68,3990.31,8.37,3994.72,0.2095,0.5269,1404,-2.76,0.5103,0.2659,0.2663,0,,,,0,,,
2025-11-05,Wed,3942.95,3933.04,9.91,3939.8,0.2515,0.6821,1405,4.95,0.2095,0.2461,0.2663,0,,,,0,,,
2025-11-06,Thu,3975.34,3970.4,4.94,3974.82,0.1243,0.8947,780,1.22,0.2515,0.2515,0.2663,0,,,,0,,,
2025-11-07,Fri,3989.62,3984.46,5.16,3987.24,0.1294,0.5388,825,-1.66,0.1243,0.2095,0.2663,1,18,up,1,1,,,
2025-11-10,Mon,4017.12,4011.14,5.98,4015.75,0.1489,0.7709,1284,3.94,0.1294,0.2095,0.2663,0,,,,0,,,
2025-11-11,Tue,4120.42,4116.26,4.16,4119.59,0.101,0.8005,1107,-0.49,0.1489,0.1489,0.2612,1,15,up,1,1,1.982,tp 4128.09,27.0
2025-11-12,Wed,4145.43,4139.05,6.38,4143.77,0.154,0.7398,1501,1.33,0.101,0.1294,0.2612,0,,,,0,,,
2025-11-13,Thu,4192.02,4185.98,6.04,4187.94,0.1442,0.3245,1647,-3.07,0.154,0.1294,0.254,1,22,up,0,0,2.049,tp 4198.81,20.0
2025-11-14,Fri,4186.42,4179.23,7.19,4185.56,0.1718,0.8804,1384,-0.26,0.1442,0.1442,0.2488,1,19,up,1,1,,,
2025-11-17,Mon,4098.28,4084.27,14.01,4085.05,0.343,0.0557,2104,-11.52,0.1718,0.1489,0.2278,1,27,down,1,1,-1.013,sl 4091.28,29.0
2025-11-18,Tue,4040.29,4030.41,9.88,4036.38,0.2448,0.6043,1770,-0.46,0.343,0.154,0.2278,1,22,down,0,0,-1.01,sl 4035.35,19.0
2025-11-19,Wed,4077.72,4071.14,6.58,4073.09,0.1615,0.2964,1164,-3.48,0.2448,0.1718,0.2454,1,23,up,0,0,-1.025,sl 4074.43,19.0
2025-11-20,Thu,4110.03,4103.34,6.69,4105.48,0.163,0.3199,1723,1.02,0.1615,0.1718,0.2272,0,,,,0,,,
2025-11-21,Fri,4081.17,4073.69,7.48,4079.77,0.1833,0.8128,1149,0.64,0.163,0.1718,0.2008,1,23,down,0,0,,,
2025-11-24,Mon,4076.02,4058.28,17.74,4062.03,0.4367,0.2114,1537,-12.77,0.1833,0.1833,0.1877,0,,,,0,,,
2025-11-25,Tue,4144.28,4136.2,8.08,4136.32,0.1953,0.0149,1729,-7.28,0.4367,0.1833,0.1877,1,15,down,1,1,-1.021,sl 4140.24,22.0
2025-11-26,Wed,4139.98,4132.64,7.34,4138.74,0.1773,0.8311,1186,5.07,0.1953,0.1833,0.1877,1,24,up,1,1,-1.011,sl 4136.31,22.0
2025-11-27,Thu,4167.07,4162.32,4.75,4164.94,0.114,0.5516,1109,0.26,0.1773,0.1833,0.1803,0,,,,0,,,
2025-11-28,Fri,4168.64,4162.99,5.65,4167.72,0.1356,0.8372,848,4.43,0.114,0.1833,0.1746,1,17,up,1,1,,,
2025-12-01,Mon,4224.39,4218.78,5.61,4222.96,0.1328,0.7451,2095,1.11,0.1356,0.1773,0.1674,1,23,down,0,0,-1.025,sl 4221.59,23.0
2025-12-02,Tue,4227.86,4223.36,4.5,4226.96,0.1065,0.8,1323,-0.62,0.1328,0.1356,0.1623,1,20,down,0,0,-1.102,sl 4225.61,23.0
2025-12-03,Wed,4212.85,4207.09,5.76,4209.63,0.1368,0.441,1882,-3.07,0.1065,0.1328,0.1578,1,25,down,1,1,-1.022,sl 4209.97,23.0
2025-12-04,Thu,4210.33,4204.41,5.92,4207.64,0.1407,0.5456,1202,0.33,0.1368,0.1328,0.1514,1,22,up,1,1,-0.519,sl 4209.03,23.0
2025-12-05,Fri,4208.93,4204.06,4.87,4208.32,0.1157,0.8747,973,2.34,0.1407,0.1356,0.1514,1,16,up,1,1,,,
2025-12-08,Mon,4207.9,4199.34,8.56,4205.98,0.2035,0.7757,1740,4.28,0.1157,0.1328,0.1514,0,,,,0,,,
2025-12-09,Tue,4195.55,4191.25,4.3,4192.86,0.1026,0.3744,966,-1.71,0.2035,0.1368,0.1578,0,,,,0,,,
2025-12-10,Wed,4212.55,4207.48,5.07,4209.1,0.1205,0.3195,1046,-1.68,0.1026,0.1368,0.1578,0,,,,0,,,
2025-12-11,Thu,4243.34,4231.29,12.05,4242.89,0.284,0.9627,1436,10.57,0.1205,0.1205,0.1529,1,21,up,1,1,-1.012,sl 4237.32,24.0
2025-12-12,Fri,4278.1,4273.75,4.35,4276.33,0.1017,0.5931,1199,0.17,0.284,0.1205,0.1623,1,17,up,1,1,,,
2025-12-15,Mon,4306.64,4300.08,6.56,4304.16,0.1524,0.622,1216,1.92,0.1017,0.1205,0.1511,0,,,,0,,,
2025-12-16,Tue,4308.93,4302.73,6.2,4307.34,0.1439,0.7435,1376,3.15,0.1524,0.1205,0.1466,1,29,up,1,1,-0.525,sl 4307.92,23.0
2025-12-17,Wed,4313.07,4307.43,5.64,4312.53,0.1308,0.9043,768,4.79,0.1439,0.1439,0.1423,1,17,up,1,1,-0.519,sl 4312.22,33.0
2025-12-18,Thu,4341.22,4336.88,4.34,4338.27,0.1,0.3203,1353,-0.86,0.1308,0.1439,0.1388,1,16,up,0,0,-1.019,sl 4339.05,27.0
2025-12-19,Fri,4335.63,4329.45,6.18,4329.98,0.1427,0.0858,1244,-5.15,0.1,0.1308,0.1362,1,17,down,1,1,,,
2025-12-22,Mon,4364.79,4355.06,9.73,4359.69,0.2232,0.4758,1964,4.63,0.1427,0.1427,0.1362,1,22,up,0,0,-0.514,sl 4362.55,26.0
2025-12-23,Tue,4466.59,4458.04,8.55,4466.28,0.1914,0.9637,1633,6.27,0.2232,0.1427,0.1362,1,15,up,1,1,1.994,tp 4478.43,23.0
2025-12-24,Wed,4512.67,4500.7,11.97,4507.74,0.2655,0.5881,1723,4.54,0.1914,0.1427,0.1362,1,29,up,1,1,-0.508,sl 4510.32,23.0
2025-12-26,Fri,4505.62,4492.29,13.33,4503.27,0.296,0.8237,1702,8.29,0.2655,0.1914,0.1362,1,29,up,1,1,,,
2025-12-29,Mon,4527.8,4513.26,14.54,4524.05,0.3214,0.7421,2716,-3.28,0.296,0.2232,0.1388,1,18,down,0,0,1.994,tp 4495.24,34.0
2025-12-30,Tue,4347.51,4337.99,9.52,4346.8,0.219,0.9254,2032,1.2,0.3214,0.2655,0.1417,1,15,up,1,1,-1.012,sl 4342.75,30.0
2025-12-31,Wed,4344.04,4338.99,5.05,4341.61,0.1163,0.5188,1206,2.54,0.219,0.2655,0.1433,1,16,down,0,0,-1.062,sl 4341.52,32.0
2026-01-02,Fri,4352.76,4344.56,8.2,4348.0,0.1886,0.4195,1145,-0.35,0.1163,0.2655,0.1433,1,19,down,1,1,,,
2026-01-05,Mon,4379.73,4370.16,9.57,4378.0,0.2186,0.8192,1785,5.63,0.1886,0.219,0.1482,1,17,up,1,1,2.037,tp 4391.18,32.0
2026-01-06,Tue,4441.68,4436.5,5.18,4440.42,0.1167,0.7568,1421,-0.11,0.2186,0.2186,0.1705,1,15,up,1,1,-0.537,sl 4440.61,28.0
2026-01-07,Wed,4494.12,4490.22,3.9,4493.08,0.0868,0.7333,1440,-0.21,0.1167,0.1886,0.1705,0,,,,0,,,
2026-01-08,Thu,4465.81,4462.45,3.36,4465.59,0.0752,0.9345,1138,2.19,0.0868,0.1167,0.1482,1,15,up,1,1,-1.036,sl 4464.13,25.0
2026-01-09,Fri,4476.49,4471.57,4.92,4471.62,0.11,0.0102,1023,-3.85,0.0752,0.1167,0.1482,1,16,down,1,1,,,
2026-01-12,Mon,4554.27,4536.3,17.97,4553.58,0.3946,0.9616,2271,13.51,0.11,0.11,0.1482,1,16,up,1,1,2.01,tp 4579.79,36.0
2026-01-13,Tue,4599.36,4591.97,7.39,4592.91,0.1609,0.1272,1662,-6.18,0.3946,0.11,0.1482,1,22,down,1,1,2.036,tp 4584.18,35.0
2026-01-14,Wed,4607.67,4596.89,10.78,4605.15,0.2341,0.7662,1679,8.21,0.1609,0.11,0.1567,1,26,up,1,1,1.315,,35.0
2026-01-15,Thu,4617.84,4611.58,6.26,4616.6,0.1356,0.8019,2209,1.38,0.2341,0.1609,0.1747,0,,,,0,,,
2026-01-16,Fri,4610.39,4603.32,7.07,4605.76,0.1535,0.3451,1453,-4.4,0.1356,0.1609,0.1747,1,22,up,0,0,,,
2026-01-19,Mon,4675.93,4665.1,10.83,4665.44,0.2321,0.0314,2751,-7.12,0.1535,0.1609,0.1747,1,16,down,1,1,-1.028,sl 4670.52,30.0
2026-01-20,Tue,4667.85,4664.18,3.67,4667.85,0.0786,1.0,1373,2.52,0.2321,0.1609,0.19,1,17,up,1,1,-1.067,sl 4666.02,25.0
2026-01-21,Wed,4777.6,4770.68,6.92,4776.49,0.1449,0.8396,1728,0.97,0.0786,0.1535,0.19,1,27,up,1,1,1.991,tp 4790.31,36.0
2026-01-22,Thu,4794.18,4777.92,16.26,4790.13,0.3394,0.7509,2310,12.06,0.1449,0.1449,0.1747,0,,,,0,,,
2026-01-23,Fri,4963.21,4950.77,12.44,4951.81,0.2512,0.0836,2162,-7.03,0.3394,0.1535,0.1747,1,24,down,1,1,,,
2026-01-26,Mon,5043.69,5034.4,9.29,5039.13,0.1844,0.5091,2965,-0.54,0.2512,0.2321,0.1747,1,19,down,0,0,-1.015,sl 5039.05,39.0
2026-01-27,Tue,5053.47,5038.4,15.07,5052.34,0.2983,0.925,2549,8.99,0.1844,0.1844,0.1726,0,,,,0,,,
2026-01-28,Wed,5173.05,5156.83,16.22,5165.68,0.314,0.5456,3069,-6.69,0.2983,0.2512,0.1726,0,,,,0,,,
2026-01-29,Thu,5512.89,5452.73,60.16,5495.34,1.0947,0.7083,3876,-17.55,0.314,0.2983,0.1726,0,,,,0,,,
2026-01-30,Fri,5450.51,5431.09,19.42,5444.7,0.3567,0.7008,3175,6.76,1.0947,0.2983,0.1865,1,28,down,0,0,,,
2026-02-02,Mon,4845.95,4740.72,105.23,4845.51,2.1717,0.9958,4029,102.95,0.3567,0.314,0.2015,1,15,up,1,1,-1.014,sl 4793.34,49.0
2026-02-03,Tue,4796.16,4765.95,30.21,4786.82,0.6311,0.6908,3439,12.58,2.1717,0.3567,0.2082,1,15,up,1,1,-0.541,sl 4789.47,63.0
2026-02-04,Wed,4987.48,4946.23,41.25,4986.66,0.8272,0.9801,3306,39.3,0.6311,0.6311,0.2331,1,15,up,1,1,1.997,tp 5032.26,63.0
2026-02-05,Thu,5018.05,4997.13,20.92,4998.12,0.4186,0.0473,3172,-13.95,0.8272,0.8272,0.2427,0,,,,0,,,
2026-02-06,Fri,4707.33,4680.47,26.86,4682.41,0.5736,0.0722,3794,-21.31,0.4186,0.6311,0.2747,1,15,down,1,1,,,
2026-02-09,Mon,5044.8,5025.3,19.5,5029.68,0.3877,0.2246,2901,-6.29,0.5736,0.6311,0.3061,0,,,,0,,,
2026-02-10,Tue,5048.21,5031.79,16.42,5035.02,0.3261,0.1967,2645,3.23,0.3877,0.5736,0.3061,0,,,,0,,,
2026-02-11,Wed,5044.36,5030.72,13.64,5034.05,0.271,0.2441,1822,-7.8,0.3261,0.4186,0.3201,1,16,down,1,1,-1.034,sl 5037.54,60.0
2026-02-12,Thu,5067.46,5049.76,17.7,5056.56,0.35,0.3842,2896,-4.3,0.271,0.3877,0.3201,0,,,,0,,,
2026-02-13,Fri,4948.39,4913.64,34.75,4941.97,0.7032,0.8153,2749,21.9,0.35,0.35,0.3328,0,,,,0,,,
2026-02-16,Mon,5021.54,5000.06,21.48,5017.47,0.4281,0.8105,2578,-2.45,0.7032,0.35,0.3447,0,,,,0,,,
2026-02-17,Tue,4991.17,4975.48,15.69,4979.17,0.3151,0.2352,2017,-10.47,0.4281,0.35,0.3534,1,25,down,1,1,2.208,tp 4955.88,46.0
2026-02-18,Wed,4869.38,4858.26,11.12,4864.17,0.2286,0.5315,2251,5.14,0.3151,0.35,0.3534,1,24,up,1,1,1.992,tp 4883.17,35.0
2026-02-19,Thu,4976.15,4961.31,14.84,4967.88,0.2987,0.4427,2145,-7.93,0.2286,0.35,0.3534,0,,,,0,,,
2026-02-20,Fri,4996.06,4985.39,10.67,4993.42,0.2137,0.7526,1777,5.72,0.2987,0.3151,0.3534,0,,,,0,,,
2026-02-23,Mon,5166.51,5132.55,33.96,5138.4,0.6609,0.1723,3534,-26.14,0.2137,0.2987,0.3534,1,19,down,1,1,-1.019,sl 5149.53,43.0
2026-02-24,Tue,5235.52,5218.24,17.28,5229.74,0.3304,0.6655,2767,-5.76,0.6609,0.2987,0.3722,1,21,up,1,1,-1.014,sl 5226.88,52.0
2026-02-25,Wed,5149.53,5136.79,12.74,5140.36,0.2478,0.2802,1595,-6.17,0.3304,0.2987,0.3722,0,,,,0,,,
2026-02-26,Thu,5169.18,5155.32,13.86,5167.38,0.2682,0.8701,2685,4.54,0.2478,0.2987,0.3722,1,15,up,1,1,1.992,tp 5189.16,58.0
2026-02-27,Fri,5186.45,5178.79,7.66,5185.67,0.1477,0.8982,1707,1.06,0.2682,0.2682,0.3534,1,16,up,1,1,,,
2026-03-02,Mon,5387.57,5364.1,23.47,5375.78,0.4366,0.4977,3781,-10.49,0.1477,0.2682,0.3402,1,18,down,1,1,-0.506,sl 5368.23,96.0
2026-03-03,Tue,5349.17,5336.62,12.55,5348.12,0.2347,0.9163,1728,2.74,0.4366,0.2682,0.3402,1,16,up,1,1,-0.606,sl 5347.84,97.0
2026-03-04,Wed,5125.55,5105.83,19.72,5115.54,0.3855,0.4924,2965,-9.49,0.2347,0.2478,0.3283,1,19,up,0,0,-1.012,sl 5115.69,77.0
2026-03-05,Thu,5172.52,5159.22,13.3,5170.94,0.2572,0.8812,1885,6.03,0.3855,0.2682,0.3283,1,16,up,1,1,-0.519,sl 5169.56,63.0
2026-03-06,Fri,5091.12,5073.95,17.17,5084.9,0.3377,0.6377,2170,-0.9,0.2572,0.2572,0.3206,1,28,up,1,1,,,
2026-03-09,Mon,5079.87,5028.44,51.43,5036.04,1.0212,0.1478,3839,-39.91,0.3377,0.3377,0.3206,0,,,,0,,,
2026-03-10,Tue,5141.05,5130.63,10.42,5136.68,0.2029,0.5806,2323,-2.74,1.0212,0.3377,0.3206,1,25,down,0,0,-0.516,sl 5133.05,64.0
2026-03-11,Wed,5198.03,5186.6,11.43,5192.47,0.2201,0.5136,1984,-4.52,0.2029,0.3377,0.3069,1,18,up,1,1,1.206,,68.0
2026-03-12,Thu,5142.0,5125.46,16.54,5138.55,0.3219,0.7914,2787,4.24,0.2201,0.2572,0.3069,1,15,up,1,1,2.004,tp 5163.37,66.0
2026-03-13,Fri,5107.9,5097.24,10.66,5105.76,0.2088,0.7992,1735,8.14,0.3219,0.3219,0.3069,0,,,,0,,,
2026-03-16,Mon,5028.36,4996.47,31.89,5022.42,0.635,0.8137,3557,25.08,0.2088,0.2201,0.2835,0,,,,0,,,
2026-03-17,Tue,5013.92,5002.1,11.82,5006.32,0.2361,0.357,1915,-6.44,0.635,0.2201,0.2835,1,27,down,1,1,-0.52,sl 5004.66,68.0
2026-03-18,Wed,5012.22,5000.99,11.23,5009.74,0.2242,0.7792,1684,7.16,0.2361,0.2361,0.2627,0,,,,0,,,
2026-03-19,Thu,4847.77,4835.11,12.66,4843.06,0.2614,0.628,2122,6.6,0.2242,0.2361,0.2627,0,,,,0,,,
2026-03-20,Fri,4662.59,4642.49,20.1,4661.66,0.4312,0.9537,2208,18.68,0.2614,0.2361,0.2593,1,17,up,1,1,,,
2026-03-23,Mon,4473.05,4425.18,47.87,4436.35,1.079,0.2333,4056,-28.19,0.4312,0.2614,0.2648,1,15,down,1,1,2.007,tp 4347.27,68.0
2026-03-24,Tue,4446.32,4420.36,25.96,4421.94,0.5871,0.0609,3417,-18.99,1.079,0.2614,0.2648,1,15,down,1,1,2.007,tp 4388.61,68.0
2026-03-25,Wed,4554.75,4537.23,17.52,4550.19,0.385,0.7397,3543,3.65,0.5871,0.4312,0.2648,1,27,up,1,1,1.994,tp 4579.59,64.0
2026-03-26,Thu,4527.59,4497.98,29.61,4527.48,0.654,0.9963,2914,29.5,0.385,0.4312,0.2951,1,15,up,1,1,0.126,,68.0
2026-03-27,Fri,4410.81,4403.1,7.71,4403.82,0.1751,0.0934,1615,-0.98,0.654,0.5871,0.3298,1,15,down,1,1,,,
2026-03-30,Mon,4451.14,4418.17,32.97,4426.39,0.7449,0.2493,3776,-22.13,0.1751,0.5871,0.3298,1,20,up,0,0,-0.505,sl 4444.60,114.0
2026-03-31,Tue,4528.01,4510.43,17.58,4515.91,0.3893,0.3117,2852,2.78,0.7449,0.5871,0.3298,1,15,down,1,1,2.416,tp 4491.77,68.0
2026-04-01,Wed,4704.88,4693.31,11.57,4703.28,0.246,0.8617,3029,7.14,0.3893,0.3893,0.3614,1,15,up,1,1,2.053,tp 4718.60,64.0
2026-04-02,Thu,4793.18,4774.99,18.19,4792.44,0.3796,0.9593,2566,8.5,0.246,0.3893,0.3298,1,15,up,1,1,-1.017,sl 4784.09,58.0
2026-04-06,Mon,4626.32,4607.42,18.9,4625.88,0.4086,0.9767,3202,15.23,0.3796,0.3796,0.3586,1,15,up,1,1,-1.052,sl 4616.87,56.0
2026-04-07,Tue,4660.34,4648.96,11.38,4657.35,0.2443,0.7373,2173,-1.28,0.4086,0.3893,0.3823,0,,,,0,,,
2026-04-08,Wed,4857.22,4830.38,26.84,4834.94,0.5551,0.1699,4172,1.66,0.2443,0.3796,0.3507,1,20,down,1,1,2.0,tp 4796.88,59.0
2026-04-09,Thu,4715.55,4698.76,16.79,4702.21,0.3571,0.2055,2651,-13.32,0.5551,0.3796,0.3823,0,,,,0,,,
2026-04-10,Fri,4763.52,4750.55,12.97,4753.74,0.2728,0.246,2000,-9.78,0.3571,0.3796,0.3823,0,,,,0,,,
2026-04-13,Mon,4673.08,4664.52,8.56,4672.2,0.1832,0.8972,2229,0.95,0.2728,0.3571,0.3823,1,15,up,1,1,1.996,tp 4687.97,60.0
2026-04-14,Tue,4760.32,4751.43,8.89,4759.53,0.1868,0.9111,1959,2.06,0.1832,0.2728,0.3823,1,15,up,1,1,-0.536,sl 4759.75,60.0
2026-04-15,Wed,4839.82,4831.51,8.31,4833.73,0.1719,0.2671,2112,-3.28,0.1868,0.2728,0.3683,1,17,down,1,1,-1.011,sl 4835.67,60.0
2026-04-16,Thu,4830.99,4823.6,7.39,4829.55,0.153,0.8051,1697,5.95,0.1719,0.1868,0.3683,0,,,,0,,,
2026-04-17,Fri,4791.62,4785.64,5.98,4790.01,0.1248,0.7308,2204,-1.42,0.153,0.1832,0.3683,1,27,up,1,1,,,
2026-04-20,Mon,4755.02,4744.55,10.47,4751.98,0.2203,0.7096,3719,-3.04,0.1248,0.1719,0.3683,1,15,up,1,1,2.194,tp 4769.59,61.0
2026-04-21,Tue,4830.48,4820.11,10.37,4828.37,0.2148,0.7965,2236,6.22,0.2203,0.1719,0.315,1,29,down,0,0,-0.517,sl 4822.69,61.0
2026-04-22,Wed,4747.26,4737.83,9.43,4742.64,0.1988,0.5101,2196,4.81,0.2148,0.1719,0.2594,0,,,,0,,,
2026-04-23,Thu,4728.03,4698.42,29.61,4699.11,0.6301,0.0233,3508,-28.52,0.1988,0.1988,0.2452,1,15,down,1,1,-1.004,sl 4713.23,62.0
2026-04-24,Fri,4699.91,4690.75,9.16,4697.84,0.195,0.774,3338,2.13,0.6301,0.2148,0.2452,1,23,up,1,1,,,
2026-04-27,Mon,4680.96,4672.0,8.96,4679.72,0.1915,0.8616,2937,-0.18,0.195,0.2148,0.2323,1,28,up,1,1,2.026,tp 4694.15,55.0
2026-04-28,Tue,4701.07,4691.71,9.36,4697.74,0.1992,0.6442,1988,5.84,0.1915,0.1988,0.2323,0,,,,0,,,
2026-04-29,Wed,4610.13,4594.84,15.29,4607.2,0.3319,0.8084,2576,11.71,0.1992,0.1988,0.2176,0,,,,0,,,
2026-04-30,Thu,4568.3,4557.65,10.65,4557.82,0.2337,0.016,3470,-3.79,0.3319,0.1992,0.2176,0,,,,0,,,
2026-05-01,Fri,4630.89,4620.61,10.28,4622.31,0.2224,0.1654,2678,-4.18,0.2337,0.1992,0.2176,0,,,,0,,,
2026-05-04,Mon,4616.27,4604.36,11.91,4612.0,0.2582,0.6415,2973,-1.69,0.2224,0.2224,0.2176,1,22,down,0,0,-1.056,sl 4610.32,55.0
2026-05-05,Tue,4528.35,4517.46,10.89,4527.69,0.2405,0.9394,2112,8.9,0.2582,0.2337,0.2176,1,23,down,0,0,-0.526,sl 4520.11,55.0
2026-05-06,Wed,4597.83,4589.19,8.64,4591.55,0.1882,0.2731,3234,-2.33,0.2405,0.2405,0.2176,1,20,up,0,0,2.017,tp 4610.22,56.0
2026-05-07,Thu,4700.68,4689.81,10.87,4699.76,0.2313,0.9154,3304,1.03,0.1882,0.2337,0.207,0,,,,0,,,
2026-05-08,Fri,4709.28,4701.27,8.01,4702.48,0.1703,0.1511,2833,-1.63,0.2313,0.2313,0.207,1,15,down,1,1,,,
2026-05-11,Mon,4691.41,4680.3,11.11,4682.49,0.2373,0.1971,2818,-8.92,0.1703,0.2313,0.199,1,16,down,1,1,-0.519,sl 4682.78,55.0
2026-05-12,Tue,4769.13,4758.41,10.72,4766.81,0.2249,0.7836,3033,-0.43,0.2373,0.2313,0.207,1,17,up,1,1,-1.01,sl 4763.77,55.0
2026-05-13,Wed,4726.51,4714.71,11.8,4720.07,0.25,0.4542,3273,3.28,0.2249,0.2249,0.2176,0,,,,0,,,
2026-05-14,Thu,4699.19,4689.31,9.88,4697.39,0.2103,0.8178,2499,0.89,0.25,0.2313,0.2214,1,15,up,1,1,-0.511,sl 4697.10,55.0
2026-05-15,Fri,4653.46,4642.38,11.08,4650.39,0.2383,0.7229,3493,-1.5,0.2103,0.2249,0.2214,1,15,up,1,1,,,
2026-05-18,Mon,4542.49,4522.92,19.57,4526.16,0.4324,0.1656,4788,-10.86,0.2383,0.2373,0.2236,1,24,down,1,1,2.02,tp 4486.45,51.0
2026-05-19,Tue,4589.12,4576.75,12.37,4578.67,0.2702,0.1552,3396,-3.21,0.4324,0.2383,0.2281,1,24,down,1,1,1.994,tp 4557.95,52.0
2026-05-20,Wed,4490.47,4479.63,10.84,4488.45,0.2415,0.8137,3392,-0.76,0.2702,0.25,0.2325,1,24,up,1,1,2.047,tp 4504.82,49.0
2026-05-21,Thu,4548.4,4539.95,8.45,4544.78,0.1859,0.5716,3160,-1.77,0.2415,0.2415,0.2355,1,15,up,1,1,-1.075,sl 4544.18,50.0
2026-05-22,Fri,4536.76,4530.77,5.99,4531.22,0.1322,0.0751,3001,-4.5,0.1859,0.2415,0.2325,1,15,down,1,1,,,
2026-05-25,Mon,4575.49,4565.87,9.62,4572.36,0.2104,0.6746,2777,5.55,0.1322,0.2415,0.2325,0,,,,0,,,
2026-05-26,Tue,4559.8,4548.5,11.3,4552.17,0.2482,0.3248,3685,-7.36,0.2104,0.2104,0.2325,1,18,down,1,1,0.699,,67.0
2026-05-27,Wed,4525.65,4517.12,8.53,4521.88,0.1886,0.558,2150,2.72,0.2482,0.2104,0.2355,1,22,down,0,0,-0.536,sl 4519.10,48.0
2026-05-28,Thu,4452.35,4444.37,7.98,4444.48,0.1795,0.0138,2471,-1.51,0.1886,0.1886,0.2325,1,18,up,0,0,-1.023,sl 4448.36,49.0
2026-05-29,Fri,4498.05,4492.08,5.97,4497.27,0.1327,0.8693,2809,2.23,0.1795,0.1886,0.2281,1,16,up,1,1,,,
2026-06-01,Mon,4545.79,4537.28,8.51,4540.75,0.1874,0.4078,2255,1.77,0.1327,0.1886,0.2281,0,,,,0,,,
2026-06-02,Tue,4485.03,4476.56,8.47,4481.07,0.189,0.5325,2606,-3.62,0.1874,0.1874,0.2176,1,21,up,1,1,-0.514,sl 4484.90,49.0
2026-06-03,Wed,4479.69,4473.71,5.98,4475.87,0.1336,0.3612,2272,1.81,0.189,0.1874,0.2104,1,21,up,0,0,2.023,tp 4493.50,49.0
2026-06-04,Thu,4465.14,4452.97,12.17,4453.39,0.2733,0.0345,3060,-3.38,0.1336,0.1795,0.2104,1,15,down,1,1,-0.513,sl 4455.27,50.0
2026-06-05,Fri,4464.82,4453.21,11.61,4455.14,0.2606,0.1662,3141,-6.4,0.2733,0.1874,0.2104,1,16,down,1,1,,,
2026-06-08,Mon,4346.73,4340.69,6.04,4343.6,0.1391,0.4818,3085,-0.31,0.2606,0.189,0.2176,1,18,up,0,0,-0.535,sl 4345.45,43.0
2026-06-09,Tue,4323.54,4315.25,8.29,4322.47,0.1918,0.8709,3737,4.87,0.1391,0.189,0.2104,0,,,,0,,,
2026-06-10,Wed,4226.4,4216.41,9.99,4224.96,0.2365,0.8559,3998,3.13,0.1918,0.1918,0.2011,1,19,up,1,1,-1.076,sl 4221.41,49.0
2026-06-11,Thu,4059.4,4035.91,23.49,4052.13,0.5797,0.6905,5238,5.01,0.2365,0.2365,0.2011,1,16,up,1,1,2.008,tp 4083.96,52.0
2026-06-12,Fri,4225.59,4212.54,13.05,4216.71,0.3095,0.3195,3597,-2.65,0.5797,0.2365,0.2011,1,15,down,1,1,,,
2026-06-15,Mon,4300.83,4293.18,7.65,4299.82,0.1779,0.868,2687,5.98,0.3095,0.2365,0.2011,1,16,up,1,1,-0.555,sl 4300.34,54.0
2026-06-16,Tue,4318.1,4313.11,4.99,4313.41,0.1157,0.0601,1991,-2.02,0.1779,0.2365,0.1904,1,16,down,1,1,1.985,tp 4307.27,49.0
2026-06-17,Wed,4339.87,4328.39,11.48,4337.47,0.2647,0.7909,2552,6.03,0.1157,0.2365,0.1888,1,16,up,1,1,-1.031,sl 4334.13,52.0
2026-06-18,Thu,4299.04,4276.42,22.62,4297.28,0.5264,0.9222,3887,19.46,0.2647,0.2647,0.1888,1,21,up,1,1,2.009,tp 4326.04,49.0
2026-06-19,Fri,4197.85,4184.35,13.5,4185.43,0.3225,0.08,3473,-2.63,0.5264,0.2647,0.1904,0,,,,0,,,
2026-06-22,Mon,4162.32,4139.85,22.47,4160.85,0.54,0.9346,4110,20.44,0.3225,0.2647,0.2011,1,15,up,1,1,2.053,tp 4187.12,48.0
2026-06-23,Tue,4192.07,4178.23,13.84,4178.7,0.3312,0.034,2777,-8.83,0.54,0.3225,0.2141,0,,,,0,,,
2026-06-24,Wed,4111.85,4094.55,17.3,4107.15,0.4212,0.7283,4226,8.1,0.3312,0.3312,0.2141,0,,,,0,,,
2026-06-25,Thu,4016.17,4003.78,12.39,4005.31,0.3093,0.1235,3806,-7.7,0.4212,0.4212,0.2485,1,15,down,1,1,2.078,tp 3990.87,54.0
2026-06-26,Fri,4019.55,4011.26,8.29,4019.45,0.2062,0.9879,3712,5.13,0.3093,0.3312,0.2626,1,15,up,1,1,,,
2026-06-29,Mon,4064.64,4053.67,10.97,4058.67,0.2703,0.4558,4264,-3.9,0.2062,0.3312,0.2626,1,23,down,1,1,-1.024,sl 4059.16,54.0
2026-06-30,Tue,4014.94,4003.1,11.84,4010.41,0.2952,0.6174,3562,-4.28,0.2703,0.3093,0.2675,0,,,,0,,,
2026-07-01,Wed,4009.57,4005.28,4.29,4008.28,0.107,0.6993,2454,2.67,0.2952,0.2952,0.2718,1,19,down,0,0,1.989,tp 3991.98,54.0
2026-07-02,Thu,4045.87,4030.54,15.33,4044.7,0.379,0.9237,3462,10.19,0.107,0.2703,0.2718,1,24,up,1,1,-1.011,sl 4038.21,54.0
2026-07-03,Fri,4136.67,4122.92,13.75,4134.75,0.3325,0.8604,4009,8.77,0.379,0.2703,0.2828,1,21,up,1,1,,,
2026-07-06,Mon,4185.16,4170.4,14.76,4174.8,0.3535,0.2981,3537,-8.76,0.3325,0.2952,0.3023,0,,,,0,,,
2026-07-07,Tue,4158.2,4152.65,5.55,4155.89,0.1335,0.5838,2949,-1.36,0.3535,0.3325,0.3094,1,17,down,0,0,-1.02,sl 4155.43,50.0
2026-07-08,Wed,4103.82,4096.78,7.04,4099.95,0.1717,0.4503,3816,1.55,0.1335,0.3325,0.3094,1,23,up,0,0,1.988,tp 4114.82,53.0
2026-07-09,Thu,4087.33,4076.12,11.21,4087.33,0.2743,1.0,3349,11.21,0.1717,0.3325,0.3094,1,15,up,1,1,-1.094,sl 4081.73,53.0
2026-07-10,Fri,4125.47,4119.62,5.85,4121.99,0.1419,0.4051,2450,-1.31,0.2743,0.2743,0.3023,1,24,down,1,1,,,
2026-07-13,Mon,4090.91,4080.8,10.11,4086.74,0.2474,0.5875,3777,2.45,0.1419,0.1717,0.2847,1,18,down,0,0,2.029,tp 4069.06,40.0
2026-07-14,Tue,4004.58,3983.67,20.91,3995.3,0.5234,0.5562,4438,-5.63,0.2474,0.1717,0.2847,0,,,,0,,,
2026-07-15,Wed,4055.95,4050.9,5.05,4051.13,0.1247,0.0455,2971,-1.89,0.5234,0.2474,0.3023,1,26,up,0,0,-1.051,sl 4053.43,46.0
2026-07-16,Thu,4059.33,4054.7,4.63,4056.21,0.1141,0.3261,2804,-1.57,0.1247,0.2474,0.3023,1,23,up,0,0,-1.043,sl 4057.02,49.0
2026-07-17,Fri,3987.17,3982.98,4.19,3983.04,0.1052,0.0143,3400,-2.77,0.1141,0.1419,0.2847,1,17,up,0,0,,,
2026-07-20,Mon,3998.69,3982.56,16.13,3995.87,0.4037,0.8252,3554,0.59,0.1052,0.1247,0.2723,1,19,up,1,1,2.076,tp 4019.73,48.0
2026-07-21,Tue,4012.51,4003.66,8.85,4010.47,0.2207,0.7695,3686,0.71,0.4037,0.1247,0.2723,1,19,up,1,1,2.035,tp 4031.82,50.0
2026-07-22,Wed,4092.58,4076.63,15.95,4092.06,0.3898,0.9674,3337,11.55,0.2207,0.1247,0.2588,1,15,up,1,1,2.01,tp 4111.31,50.0
2026-07-23,Thu,4134.3,4126.03,8.27,4126.78,0.2004,0.0907,2544,-6.9,0.3898,0.2207,0.2588,0,,,,0,,,
2026-07-24,Fri,4049.79,4041.08,8.71,4041.45,0.2155,0.0425,2858,-5.64,0.2004,0.2207,0.234,0,,,,0,,,
2026-07-27,Mon,4115.98,4093.84,22.14,4115.44,0.538,0.9756,4211,21.44,0.2155,0.2207,0.234,1,27,down,0,0,-1.008,sl 4104.91,50.0
2026-07-28,Tue,4073.95,4061.87,12.08,4066.96,0.297,0.4214,3164,-6.22,0.538,0.2207,0.234,1,23,down,1,1,1.999,tp 4048.44,50.0
2026-07-29,Wed,4025.89,4017.42,8.47,4020.48,0.2107,0.3613,3353,-4.44,0.297,0.297,0.234,1,21,up,0,0,-1.013,sl 4021.66,50.0
2026-07-30,Thu,4086.42,4078.92,7.5,4081.15,0.1838,0.2973,4474,-3.39,0.2107,0.2155,0.234,1,19,down,1,1,2.029,tp 4066.65,78.0
2026-07-31,Fri,4106.88,4100.41,6.47,4101.1,0.1578,0.1066,2516,-4.62,0.1838,0.2155,0.2181,1,16,down,1,1,,,
2026-08-03,Mon,4078.82,4069.91,8.91,4071.97,0.2188,0.2312,3475,-2.84,0.1578,0.2107,0.2131,1,20,down,1,1,1.995,tp 4057.27,40.0
2026-08-04,Tue,4069.12,4052.85,16.27,4063.52,0.4004,0.6558,2795,9.88,0.2188,0.2107,0.2131,0,,,,0,,,
2026-08-05,Wed,4074.03,4070.32,3.71,4071.66,0.0911,0.3612,2026,-0.83,0.4004,0.2107,0.2172,1,18,up,0,0,1.99,tp 4083.31,50.0
2026-08-06,Thu,4278.02,4264.37,13.65,4270.51,0.3196,0.4498,3573,-7.51,0.0911,0.1838,0.2172,1,22,up,0,0,1.999,tp 4301.14,50.0
2026-08-07,Fri,4252.6,4243.24,9.36,4244.68,0.2205,0.1538,2568,-6.87,0.3196,0.2188,0.2172,1,16,down,1,1,,,
2026-08-10,Mon,4346.89,4332.45,14.44,4344.24,0.3324,0.8165,3471,11.56,0.2205,0.2205,0.2197,0,,,,0,,,
2026-08-11,Tue,4408.69,4396.18,12.51,4405.15,0.284,0.717,3127,2.9,0.3324,0.3196,0.2197,1,22,up,1,1,-0.537,sl 4405.98,48.0
2026-08-12,Wed,4379.23,4366.31,12.92,4378.1,0.2951,0.9125,2701,6.82,0.284,0.284,0.2197,1,19,up,1,1,2.001,tp 4394.49,50.0
2026-08-13,Thu,4422.07,4412.78,9.29,4419.03,0.2102,0.6728,2903,4.62,0.2951,0.2951,0.2206,1,15,up,1,1,2.004,tp 4436.36,50.0
2026-08-14,Fri,4361.87,4350.36,11.51,4351.99,0.2645,0.1416,2652,-4.21,0.2102,0.284,0.2206,1,16,down,1,1,,,
2026-08-17,Mon,4379.38,4367.97,11.41,4378.78,0.2606,0.9474,2916,8.54,0.2645,0.284,0.2426,1,15,up,1,1,2.0,tp 4392.31,40.0
2026-08-18,Tue,4429.52,4418.85,10.67,4421.6,0.2413,0.2577,2664,-4.44,0.2606,0.2645,0.2406,1,23,up,0,0,-0.542,sl 4427.48,50.0
2026-08-19,Wed,4344.81,4331.46,13.35,4342.89,0.3074,0.8562,3405,9.97,0.2413,0.2606,0.2509,1,16,up,1,1,-1.012,sl 4338.14,47.0
2026-08-20,Thu,4518.66,4510.17,8.49,4516.01,0.188,0.6879,3440,4.66,0.3074,0.2606,0.2509,1,17,up,1,1,-1.026,sl 4514.42,50.0
2026-08-21,Fri,4527.28,4517.34,9.94,4518.55,0.22,0.1217,2977,-7.59,0.188,0.2606,0.2509,1,15,down,1,1,,,
2026-08-24,Mon,4640.64,4620.07,20.57,4637.23,0.4436,0.8342,4285,13.01,0.22,0.2413,0.2509,1,21,down,0,0,-0.519,sl 4624.46,50.0
2026-08-25,Tue,4691.29,4675.29,16.0,4690.37,0.3411,0.9425,4151,10.03,0.4436,0.2413,0.2509,0,,,,0,,,
2026-08-26,Wed,4657.46,4650.92,6.54,4651.14,0.1406,0.0336,3157,-3.53,0.3411,0.3074,0.2509,1,20,down,1,1,2.009,tp 4641.95,47.0
2026-08-27,Thu,4626.93,4616.08,10.85,4617.8,0.235,0.1585,2584,-6.09,0.1406,0.22,0.2509,1,15,down,1,1,-1.031,sl 4621.51,50.0
2026-08-28,Fri,4602.32,4593.1,9.22,4600.48,0.2004,0.8004,2554,6.13,0.235,0.235,0.2509,1,21,down,0,0,,,
